moderator,market,Productivity,Utilisation %,handling time,  accuracy  
1689841547143170,"[""SA"", ""OM"", ""BH"", ""QA"", ""JO"", ""IQ"", ""KW"", ""EG"", ""LB""]",286.2176744,0.812403101,123549,                  -   
1686755036370945,"[""RO""]",174.56,0.704833333,25547, 0.959 
1741913197768705,"[""VN""]",334.376,0.819166667,50794, 1.000 
1743415203890193,"[""MX"", ""UY"", ""CL"", ""AR"", ""CO"", ""EC"", ""PE"", ""BR""]",452.2775,0.775473958,89626, 0.941 
1710346282427393,"[""PH""]",612.3125,0.843229167,98066, 0.887 
1748544247125010,"[""MX"", ""UY"", ""CO"", ""CL"", ""AR"", ""EC"", ""PE"", ""BR""]",292.33,0.678776042,80656, 0.739 
1693678171087873,"[""VN""]",189.18,0.8505,48657, 0.952 
1771763479218193,"[""DK""]",259.58,0.839270833,72591, 0.881 
1694041901312002,"[""TR""]",313.5525,0.877083333,101102, 1.000 
6728796,"[""TR"", ""GB"", ""IE""]",441.625,0.617239583,75246, 0.766 
1710346245842945,"[""PH""]",321.7166667,0.878472222,63382, 0.964 
5090932,"[""AU"", ""NZ"", ""SG""]",732.022,0.9039125,130291, 0.949 
6283878,"[""MX"", ""CL"", ""AR"", ""CO"", ""PE"", ""BR""]",337.825,0.577010417,51819, 0.665 
5916755,"[""NO""]",272.1725,0.255161458,37998, 0.766 
1695200048739329,"[""IT""]",164.1133333,0.709354167,58799, 0.760 
1716552374593537,"[""ID""]",104.055,0.377083333,12672, 0.966 
1312666,"[""SA"", ""OM"", ""BH"", ""QA"", ""AE"", ""DZ"", ""JO"", ""IQ"", ""KW"", ""TN"", ""MA"", ""LB"", ""EG""]",,,0, 0.719 
1737654173573122,"[""VN""]",373.842,0.831379167,123420, 0.906 
1672986653202437,"[""KZ""]",269.8375,0.619338542,78369, 0.851 
1752804614390817,"[""MX"", ""UY"", ""CL"", ""CO"", ""AR"", ""EC"", ""PE"", ""BR""]",835.2433333,0.789854167,69947, 0.844 
7389679,"[""MX"", ""CO"", ""CL"", ""AR"", ""PE"", ""BR""]",456.54,0.765380208,92271, 0.800 
1736353481347074,"[""MX"", ""UY"", ""CO"", ""AR"", ""CL"", ""EC"", ""PE"", ""BR""]",130.6105263,0.650623782,40716, 0.752 
2735217,"[""VN""]",,,0, 0.763 
1758321775497234,"[""KH""]",398.5175,1.114421875,96762, 0.826 
8626002,"[""TH""]",548.998,0.889754167,126580, 0.837 
7977305,"[""JP""]",491.1333333,0.605868056,82903, 0.859 
1811986,"[""ID""]",506.918,0.866354167,122544, 0.818 
1732422617628673,"[""ID""]",326.985,0.687723958,102384, 0.947 
1671850168837125,"[""SA"", ""BH"", ""OM"", ""QA"", ""JO"", ""IQ"", ""KW"", ""LB"", ""EG""]",,,0, 0.869 
1773654622274561,"[""KH""]",217.505,0.914135417,104618, 0.909 
8239853,"[""AU"", ""PH""]",545.56,0.753895833,21289, 0.947 
2326827,"[""MX"", ""CL"", ""AR"", ""CO"", ""PE"", ""BR""]",577.7725,0.652697917,90891, 0.744 
1707706610145282,"[""NL""]",266.56,0.758988889,39941, 0.889 
1735138527102977,"[""IT""]",235.8,0.68878125,39220, 0.942 
1724471787931649,"[""SA"", ""BH"", ""OM"", ""QA"", ""JO"", ""IQ"", ""KW"", ""LB"", ""EG""]",388.824186,0.87924031,134430, 0.879 
1769227294348322,"[""NL""]",422.06,0.5985625,24486, 0.950 
1999691,"[""TW"", ""KR"", ""SG""]",599.29,0.877120833,122760, 0.862 
1771651753636882,"[""JP""]",120.638,0.3110875,44698, 0.941 
1716146333169665,"[""MX"", ""UY"", ""CO"", ""CL"", ""AR"", ""EC"", ""PE"", ""BR""]",137.625,0.529333333,32049, 0.943 
5377569,"[""MY"", ""ID""]",427.054,0.767725,110135, 0.887 
1719108856889346,"[""SE""]",243.555,0.348666667,37735, 0.972 
1694295112088577,"[""CZ""]",247.005,0.787052083,85963, 0.911 
1739309378401282,"[""VN""]",367.01,0.863020833,95909, 0.833 
1736487754076162,"[""ID""]",409.298,0.882929167,127571, 0.959 
1740298905711617,"[""JP""]",149.4475,0.021098958,17227, 0.917 
1878278,"[""FR""]",199.27,0.52184375,75871, 0.659 
1695769015370753,"[""MX"", ""UY"", ""CO"", ""CL"", ""AR"", ""EC"", ""PE"", ""BR""]",398.58,0.874401042,116606, 0.883 
8902072,"[""JP""]",,,0, 0.967 
8938999,"[""UA"", ""RU"", ""BY""]",,,0, 1.000 
1762779837863938,"[""CZ""]",323.01,0.778472222,65445, 0.993 
1763374037177377,"[""BR""]",462.5548387,0.770849462,87263, 0.527 
1737428902974466,"[""PL""]",228.98,0.807354167,73537, 0.863 
1738944494259201,"[""GR""]",399.7875,0.849625,106136, 0.953 
1729880322678785,"[""ID""]",336.3725,0.864145833,98819, 0.919 
5608898,"[""US"", ""CA""]",565.1875,0.811286458,106304, 0.963 
1700711913253889,"[""BG""]",259.855,0.823020833,79839, 0.798 
1672502123346950,"[""US"", ""CA""]",133.2266667,0.537611111,79835, 0.789 
1767847119851554,"[""HU""]",360.435,0.535427083,76884, 0.853 
9759789,"[""GB"", ""IE"", ""LV""]",173.145,0.208322917,13220, 0.353 
1752289495219201,"[""US"", ""CA""]",383.448,0.805644444,97686, 0.911 
5799635,"[""TH""]",519.145,0.879041667,103497, 0.852 
1741279730538497,"[""VN""]",299.224,0.787254167,114557, 0.919 
1693560602235905,"[""VN""]",247.1733333,0.8740625,74360, 0.936 
1769097368736786,"[""MY""]",268.7025,0.617322917,91234, 0.911 
1736753775507458,"[""ID""]",619.5466667,0.864645833,73615, 0.947 
1669724932562950,"[""JP""]",314.5825,0.733546875,62154, 0.919 
1764223632918545,"[""FI""]",261.5733333,0.587125,57807, 0.803 
9659971,"[""UA"", ""RU"", ""BY""]",319.92,0.31528125,83980, 1.000 
1749003786899457,"[""NL""]",,,0, 0.964 
1771651753636866,"[""PH""]",148.58,0.798604167,23015, 0.939 
1693539332832322,"[""VN""]",258.35,0.8708125,99791, 0.936 
1759961674413106,"[""US""]",261.9775,0.808213542,89468, 0.792 
5618519,"[""ID"", ""SG""]",263.67,0.467701389,41790, 0.957 
1750192205585409,"[""IT""]",241.1251613,0.744510753,82264, 0.958 
1752737541815297,"[""DE""]",283.3533333,0.802791667,68240, 0.897 
1301929,"[""AU"", ""NZ"", ""SG""]",593.272,0.745941667,132471, 0.942 
1713476001087489,"[""PK""]",449.9325,0.895421875,121628, 0.934 
3116616,"[""KR""]",223.2975,0.603864583,71214, 0.850 
2873783,"[""US"", ""CA""]",204.2366667,0.529402778,89440, 0.455 
1736487393897473,"[""ID""]",481.1525,0.986354167,113700, 0.926 
7763271,"[""US"", ""CA""]",161.34,0.724864583,42496, 0.500 
1729842322829314,"[""US"", ""CA""]",172.5033333,0.744541667,61756, 0.832 
1772371860026370,"[""GB""]",253.17,0.770859375,106327, 0.813 
1736353473938434,"[""MX"", ""UY"", ""CO"", ""AR"", ""CL"", ""EC"", ""PE"", ""BR""]",394.71,0.733682292,83584, 0.921 
1747021185229826,"[""SA"", ""OM"", ""BH"", ""QA"", ""JO"", ""IQ"", ""KW"", ""MA"", ""EG"", ""LB""]",515.1763636,0.792670455,123493, 0.936 
7559160,"[""NO"", ""DK"", ""GB"", ""SE"", ""IE""]",345.7625,0.801130208,106665, 0.690 
1736770021242882,"[""TH""]",397.29,0.516395833,47651, 0.949 
8831199,"[""AU"", ""NZ"", ""SG""]",638.5975,0.809880208,174056, 0.876 
9052960,"[""SA"", ""OM"", ""BH"", ""QA"", ""DZ"", ""AE"", ""JO"", ""IQ"", ""KW"", ""TN"", ""MA"", ""LB"", ""EG""]",,,0, 0.777 
1728888969578497,"[""ID""]",326.5666667,0.642361111,53692, 0.892 
1752804614390833,"[""MX"", ""UY"", ""CO"", ""AR"", ""CL"", ""EC"", ""PE"", ""BR""]",475.325,0.765036458,88192, 0.772 
1724470454753282,"[""SA"", ""OM"", ""BH"", ""QA"", ""JO"", ""IQ"", ""KW"", ""EG"", ""LB""]",522.4355556,0.752777778,189277, 0.968 
1672130496087046,"[""US"", ""CA""]",320.9025,0.646458333,79979, 0.847 
1753884661423138,"[""DE""]",251.8782609,0.753623188,53809, 0.880 
3172398,"[""KR"", ""SG""]",410.915,0.818380208,124981, 0.951 
1724922721733634,"[""NL""]",230.4133333,1.027077778,82272, 0.949 
3950155,"[""MX"", ""CL"", ""CO"", ""AR"", ""PE"", ""BR""]",507.112,0.906395833,137376, 0.722 
9558788,"[""AU"", ""NZ"", ""SG""]",377.0033333,0.937166667,83521, 0.954 
1768117920687106,"[""DE""]",,,0, 0.841 
7626565,"[""UA"", ""RU"", ""GB"", ""IE""]",138.6875,0.255369792,31434, 0.635 
6705570,"[""TR"", ""GB"", ""IE""]",333.0375,0.689078125,110262, 0.747 
1752697349807106,"[""TW""]",241.7725,0.9,101453, 0.932 
2708956,"[""GB"", ""IE""]",264.12,0.249614583,70336, 0.778 
1691852985713666,"[""PH""]",620.5575,0.856770833,96719, 0.957 
3022196,"[""GB"", ""DE"", ""IE""]",247.0333333,0.581277778,64645, 0.648 
1770122728378385,"[""MY""]",583.905,0.837786458,94569, 0.870 
1512827,"[""PH""]",221.055,0.160864583,35268, 0.818 
1747095981573122,"[""NL""]",242.1928205,0.960303419,136308, 0.948 
1726119572275202,"[""US"", ""CA""]",434.4533333,0.767423611,68305, 0.883 
9065085,"[""MX"", ""UY"", ""CO"", ""CL"", ""AR"", ""EC"", ""PE"", ""BR""]",90.39,0.379472222,8765, 0.846 
2311966,"[""TW""]",54.94,0.996,8145, 0.857 
1716223451261954,"[""MX"", ""UY"", ""CL"", ""AR"", ""CO"", ""EC"", ""PE"", ""BR""]",500.2834835,0.819184184,97954, 0.907 
1695095671197697,"[""ES""]",171.035,0.614416667,38625, 0.911 
1752791904934914,"[""MX"", ""UY"", ""CL"", ""AR"", ""CO"", ""EC"", ""PE"", ""BR""]",548.215,0.821536458,96126, 0.954 
7752505,"[""US"", ""CA""]",656.7275,0.8075,95546, 1.000 
1703159220924418,"[""GR""]",352.625,0.84140625,91414, 0.975 
2019221,"[""MX"", ""CL"", ""AR"", ""CO"", ""PE"", ""BR""]",251.4895238,0.690380952,54808, 0.730 
1501968,"[""US"", ""CA""]",424.435,0.891145833,102684, 0.743 
1715432514674690,"[""MX"", ""UY"", ""CL"", ""AR"", ""CO"", ""EC"", ""PE"", ""BR""]",124.105,0.651578125,78865, 0.765 
1695067179302914,"[""GB""]",205.85,0.742333333,14866, 0.836 
1686664926599170,"[""PH""]",515.1933333,0.911861111,81577, 0.970 
1733016321234945,"[""US"", ""CA""]",199.78,0.787758333,53215, 0.807 
1711419252224001,"[""PH""]",208.538,0.868358333,125989, 0.812 
1761882871064593,"[""DK""]",,,0, 0.930 
8328881,"[""MY"", ""SG""]",323.3425,0.283442708,32644, 0.814 
1727248549938177,"[""PK""]",471.425,0.686895833,107627, 0.952 
1077236,"[""MY"", ""ID""]",468.56,0.78015625,95680, 0.864 
1703821567576065,"[""US"", ""CA""]",451.3810526,0.686780702,44711, 0.903 
1746474353707041,"[""SA"", ""BH"", ""OM"", ""QA"", ""JO"", ""IQ"", ""KW"", ""MA"", ""LB"", ""EG""]",531.68,0.75,67500, 1.000 
1772371860026402,"[""GB""]",421.84,0.845104167,95580, 0.984 
6236835,"[""ID""]",338.66,0.288208333,51215, 0.896 
7736076,"[""VN""]",299.7775,0.835239583,96393, 0.850 
1714605731150850,"[""MX"", ""UY"", ""CL"", ""AR"", ""CO"", ""EC"", ""PE"", ""BR""]",,,0, 0.888 
1756422385051682,"[""KR""]",378.405,0.845276042,94102, 0.871 
1736487767198722,"[""ID""]",476.545,0.876583333,102863, 0.936 
1769753698840577,"[""DE""]",125.2966667,0.689826389,59613, 0.636 
1736487575404546,"[""ID""]",461.1675,0.887744792,102026, 0.947 
1714700309532674,"[""MX"", ""UY"", ""CL"", ""CO"", ""AR"", ""EC"", ""PE"", ""BR""]",276.056,0.728958333,106971, 0.806 
9921960,"[""GB"", ""IE""]",287.6966667,0.8758125,86658, 0.751 
2930379,"[""TH""]",318.3275,0.347817708,60404, 0.778 
2658971,"[""US"", ""CA""]",309.22,0.73578125,43140, 0.609 
8035393,"[""MY"", ""ID""]",469.845,0.688322917,79341, 0.931 
1703396559410178,"[""US"", ""CA""]",341.655,0.948677083,52554, 0.901 
1724185616760833,"[""SA"", ""OM"", ""BH"", ""QA"", ""JO"", ""IQ"", ""KW"", ""LB"", ""EG""]",466.6088889,0.741361111,96719, 0.910 
1692119757018113,"[""BY""]",302.76,0.690822917,82507, 0.833 
1724470463815682,"[""ZA"", ""BH"", ""SA"", ""OM"", ""QA"", ""JO"", ""IQ"", ""KW"", ""MA"", ""EG""]",306.8141176,0.910132353,111642, 0.965 
5388029,"[""KR""]",817.785,0.809895833,46528, 0.766 
6103851,"[""SA"", ""BH"", ""ZA"", ""OM"", ""QA"", ""AE"", ""TR"", ""PK"", ""KW"", ""MA""]",136.645,0.6578125,94245, 0.682 
1815126,"[""TH""]",589.03,0.898494792,104742, 0.886 
1649165526729733,"[""JP""]",396.97,0.735611111,62755, 0.934 
1693948493861890,"[""RO""]",,,0, 0.976 
1912879,"[""TW""]",1050.9075,0.3476875,115312, 0.860 
1695027604731906,"[""FR""]",463.1914894,0.797262411,161379, 0.963 
1735138375955458,"[""MX"", ""CL"", ""AR"", ""CO"", ""PE""]",341.7033333,0.764229167,63632, 0.925 
1748544247125042,"[""MX"", ""UY"", ""CO"", ""CL"", ""AR"", ""EC"", ""PE"", ""BR""]",353.76,0.799645833,68772, 0.980 
1739288550742017,"[""MY""]",500.1,0.8829375,102503, 0.970 
5356869,"[""VN"", ""AU"", ""NZ""]",381.9366667,0.493013889,61372, 0.888 
1771651748366337,"[""PH""]",415.836,0.7856,113724, 0.899 
1705699742139394,"[""KH""]",366.15,1.150041667,76773, 0.870 
1695273683331074,"[""TW""]",684.3275,0.751151042,105020, 0.855 
1713507411937282,"[""GB""]",394.5292308,0.803230769,113322, 0.759 
1782229,"[""MX"", ""AR"", ""OTHER""]",130.96,0.349635417,21234, 1.000 
9162935,"[""MY"", ""SG""]",460.41,0.601138889,51879, 0.760 
1747108832929793,"[""IT""]",249.2668852,0.699765027,74523, 0.881 
5108027,"[""SA"", ""OM"", ""BH"", ""QA"", ""AE"", ""DZ"", ""JO"", ""IQ"", ""KW"", ""TN"", ""MA"", ""EG"", ""LB""]",269.89,0.701020833,101592, 0.807 
1748546108353569,"[""MX"", ""UY"", ""CL"", ""AR"", ""CO"", ""EC"", ""PE"", ""BR""]",796.872,0.8695125,124920, 0.957 
1715243011305474,"[""MX"", ""UY"", ""CO"", ""AR"", ""CL"", ""EC"", ""PE"", ""BR""]",656.565,0.791484375,89171, 0.965 
1695529068585986,"[""MY""]",213.975,0.7950625,92066, 0.872 
8220976,"[""US"", ""CA""]",,,0, 0.634 
1695527526423554,"[""MY""]",718.57,0.887236111,75552, 0.949 
1686232012600322,"[""TR""]",295.144,0.868579167,118894, 0.943 
1764761367947282,"[""FI""]",480.616,0.778579167,343694, 0.885 
1772265394873346,"[""ID""]",242.54,0.872875,50015, 0.909 
3109128,"[""PT""]",268.07,0.477963542,396298, 0.731 
1753012934144001,"[""MX"", ""UY"", ""CL"", ""CO"", ""AR"", ""EC"", ""PE"", ""BR""]",239.975,0.542526042,61179, 0.874 
1749551102734338,"[""SA"", ""OM"", ""BH"", ""QA"", ""JO"", ""IQ"", ""KW"", ""MA"", ""LB"", ""EG""]",394.5413953,0.751937984,114562, 0.404 
1763374037177361,"[""BR""]",307.4554839,0.771768817,84618, 0.660 
1736353489446913,"[""MX"", ""UY"", ""CL"", ""AR"", ""CO"", ""EC"", ""PE"", ""BR""]",217.562,0.768183333,113709, 0.967 
1696369097856001,"[""MY""]",246.805,0.786958333,47000, 0.932 
1770119534193714,"[""PL""]",315.0825,0.79621875,90261, 0.898 
1724426830167041,"[""PK""]",402.195,0.806260417,95950, 0.907 
1717152819047426,"[""US"", ""CA""]",,,0, 0.955 
1741850392320017,"[""VN""]",393.225,0.856770833,95112, 0.944 
2058592,"[""MY"", ""ID""]",496.928,0.875533333,63224, 0.887 
8662606,"[""ID""]",437.1575,0.789109375,91541, 0.825 
1736955027658753,"[""ES""]",,,0, 0.932 
2629786,"[""GB"", ""IE""]",281.2625,0.744234375,104653, 0.650 
1735501938296834,"[""CZ""]",453.7704348,0.836268116,67127, 0.928 
1735138441321473,"[""NL""]",315.16,0.622791667,41405, 0.913 
5538770,"[""AT"", ""CH"", ""DE""]",11.73,0.9465,729, 0.579 
1693637244412929,"[""VN""]",226.198,0.704458333,124987, 0.768 
1748619681801218,"[""MX"", ""UY"", ""CO"", ""CL"", ""AR"", ""EC"", ""PE"", ""BR""]",479.95,0.824692708,94959, 0.879 
6858011,"[""CZ"", ""GB"", ""IE""]",,,0, 0.500 
1714875416888321,"[""MX"", ""UY"", ""CL"", ""AR"", ""CO"", ""EC"", ""PE"", ""BR""]",,,0, 0.943 
5563535,"[""US"", ""CA""]",637.78,0.883055556,78799, 0.929 
8250939,"[""MY"", ""ID""]",445.97,0.311833333,30073, 0.822 
1715218806419458,"[""KZ""]",372.1257143,0.813738095,79859, 0.790 
1686638,"[""GB"", ""IE"", ""FR""]",256.68,0.24525,61710, 0.587 
1672986746847238,"[""TR""]",237.7757377,0.896562842,106601, 0.976 
6561333,"[""NO"", ""DK"", ""GB"", ""SE"", ""IE""]",265.3125,0.740015625,100601, 0.649 
1768203847936033,"[""MX"", ""UY"", ""CL"", ""AR"", ""CO"", ""EC"", ""PE"", ""BR""]",291.17,0.752526042,86521, 0.697 
1755541489126450,"[""MY""]",456.67,0.946423611,81253, 0.957 
1690239244530689,"[""SA"", ""OM"", ""BH"", ""QA"", ""JO"", ""IQ"", ""KW"", ""LB"", ""EG""]",443.7866667,0.780209877,82536, 0.963 
3357930,"[""US"", ""CA""]",345.8,0.885618056,90157, 0.667 
1732493811827713,"[""ID""]",402.6233333,0.844048611,72127, 0.893 
1724426811354114,"[""PK""]",566.595,0.705208333,133760, 0.920 
1717309548041217,"[""ES""]",,,0, 0.909 
2229067,"[""ID""]",376.31,0.673545833,119037, 0.822 
3709162,"[""UA"", ""RU"", ""BY""]",73.29,0.161833333,7000, 0.660 
1717904650320898,"[""JP""]",282.4866667,0.202826389,25705, 1.000 
1723656044244993,"[""MX"", ""UY"", ""CO"", ""CL"", ""AR"", ""EC"", ""PE"", ""BR""]",318.3,0.825703125,95092, 0.947 
9676392,"[""SA"", ""OM"", ""BH"", ""QA"", ""AE"", ""DZ"", ""JO"", ""IQ"", ""KW"", ""TN"", ""MA"", ""EG"", ""LB""]",453.355,0.64784375,81661, 0.761 
1694610948369410,"[""ID""]",550.6166667,0.844097222,72246, 0.942 
1722169427595266,"[""PH""]",537.8,0.654745833,125265, 0.938 
1743478384980002,"[""MX"", ""UY"", ""CO"", ""CL"", ""AR"", ""EC"", ""PE"", ""BR""]",180.4675,0.717520833,87753, 0.965 
7039799,"[""VN""]",342.68,0.71478125,80474, 0.922 
1889921,"[""RO""]",303.105,0.427651042,66415, 0.764 
1721121602885634,"[""SE""]",257.1786667,0.793822222,85974, 0.930 
6073125,"[""JP""]",1323.355,0.844197917,98155, 0.911 
1774283521390594,"[""FR""]",947.75,0.74315625,41597, 1.000 
1759961674414082,"[""KZ""]",293.9354839,0.828580645,88819, 0.806 
6585903,"[""CY"", ""GR""]",92.77,0.455104167,12745, 0.694 
3173062,"[""TW"", ""KR"", ""SG""]",512.91,0.635203125,94917, 0.887 
1695031190880258,"[""ID""]",365.0933333,0.829027778,70307, 0.917 
2138727,"[""VN"", ""KH""]",416.455,0.611515625,65354, 0.884 
2933698,"[""US"", ""CA""]",373.38,0.692954167,109500, 0.682 
3561577,"[""UA"", ""RU"", ""GB"", ""IE""]",,,0, 0.500 
1714437585276929,"[""MX"", ""UY"", ""CL"", ""AR"", ""CO"", ""EC"", ""PE"", ""BR""]",138.625,0.627661458,77323, 0.964 
1767935702692865,"[""HU""]",209.355,0.668265625,74113, 0.851 
1746474509119521,"[""SA"", ""BH"", ""OM"", ""QA"", ""JO"", ""IQ"", ""KW"", ""MA"", ""EG"", ""LB""]",367.3796226,0.748242138,149463, 0.896 
9276652,"[""GB"", ""IE""]",,,0, 0.724 
6525737,"[""TH""]",639.9375,0.871911458,125920, 0.775 
1705324000866306,"[""ID""]",432.3933333,0.856215278,72879, 0.934 
9957396,"[""MX"", ""UY"", ""CL"", ""EC"", ""PE"", ""BR""]",467.4675,0.823197917,93914, 0.788 
1730409705792513,"[""ID""]",647.9375,0.715078125,111441, 0.903 
1739401359705089,"[""VN""]",337.4425,0.747713542,99442, 0.941 
1760348202966018,"[""KZ""]",208.065,0.778645833,79729, 0.746 
6181372,"[""ES"", ""GB"", ""IE""]",192.605,0.33040625,46161, 0.784 
1724426772777986,"[""PK""]",352.8,0.913305556,79548, 0.984 
1672987155331077,"[""TR""]",323.1125,0.793755208,87756, 0.957 
1694647624630274,"[""TH""]",425.96,0.896901042,100945, 0.932 
1714960827917314,"[""MX"", ""UY"", ""CL"", ""CO"", ""AR"", ""EC"", ""PE"", ""BR""]",238.7375,0.771625,73210, 0.778 
1669223,"[""US"", ""CA""]",293.4066667,0.833333333,69150, 1.000 
3357920,"[""VN""]",29.3,0.992458333,632, 0.659 
1714052230375426,"[""IT""]",232.5435897,0.777675214,111593, 0.889 
1972062,"[""JP""]",578.708,0.824366667,120060, 0.907 
8622880,"[""PH""]",261.425,0.240744792,52890, 0.915 
1686665037198402,"[""PH""]",328.345,0.91875,85921, 0.964 
1747655395696658,"[""FR""]",495.3475,0.747885417,84964, 0.869 
6152007,"[""MX"", ""UY"", ""CO"", ""CL"", ""AR"", ""EC"", ""PE"", ""BR""]",530.1,0.360625,112559, 0.741 
1742577881965569,"[""NO""]",316.7875,0.794734375,107157, 0.928 
1772379228620801,"[""IT""]",656.7791304,0.779014493,62778, 0.839 
3973592,"[""US"", ""CA""]",377.8333333,0.818326389,76394, 0.712 
1723453161441282,"[""TH""]",647.085,0.901348958,100372, 0.941 
1736353461364738,"[""MX"", ""UY"", ""CO"", ""AR"", ""CL"", ""EC"", ""PE"", ""BR""]",170.76,0.764760417,87890, 0.858 
6768191,"[""TH""]",576.0875,0.859333333,97289, 0.909 
3933362,"[""GB"", ""IE""]",374.78,0.805807292,128172, 0.679 
3019589,"[""MX"", ""CL"", ""AR"", ""CO"", ""PE"", ""BR""]",379.55,0.774651042,105385, 0.698 
1702103753027586,"[""FR""]",391.6533333,0.722722222,37838, 0.939 
6251389,"[""US"", ""CA""]",,,0, 0.684 
1672120680486917,"[""US"", ""CA""]",386.87,0.705026042,79157, 0.874 
1750192610892818,"[""NL""]",,,0, 0.955 
1691841339811842,"[""PH""]",618.86,0.872916667,25107, 0.954 
1672986668009478,"[""BY""]",386.3125,0.826109375,92423, 0.818 
1735693880924161,"[""HU""]",224.1456359,0.818890274,133126, 0.922 
1694555598292994,"[""NL""]",46.38608696,0.196601449,29984,                  -   
1752090693569553,"[""SE""]",662.5394872,1.067987179,112241, 0.927 
6253687,"[""PL""]",252.96,0.507614583,36754, 0.740 
1746505981460529,"[""SA"", ""BH"", ""OM"", ""QA"", ""JO"", ""IQ"", ""KW"", ""MA"", ""LB"", ""EG""]",,,0, 0.884 
1759170867953714,"[""SA"", ""OM"", ""BH"", ""QA"", ""JO"", ""KW"", ""EG"", ""LB""]",318.1411765,0.198245098,22180, 0.901 
1011085,"[""VN"", ""PH""]",347.6775,0.755729167,85885, 0.878 
1717232583006210,"[""SE""]",489.4933333,0.937888889,58178, 0.917 
1691911660815362,"[""PH""]",60.43555556,0,37790, 0.914 
1693589837272065,"[""VN""]",316.5575,0.883145833,100090, 0.939 
1765400800943137,"[""FR""]",522.9182609,0.725181159,59394, 0.886 
1718383547650050,"[""KZ""]",280.678,0.8296625,115121, 0.780 
1755261161421826,"[""DE""]",175.605,0.515192708,60629, 0.813 
1695548425347074,"[""TW""]",775.4675,0.847348958,93108, 0.804 
1695191272186881,"[""SA"", ""ZA"", ""OM"", ""QA"", ""JO"", ""IQ"", ""PK"", ""KW"", ""LB"", ""EG""]",446.0733333,0.858287037,111077, 0.777 
1695768862433282,"[""MX"", ""UY"", ""CO"", ""CL"", ""AR"", ""EC"", ""PE"", ""BR""]",439.2866667,0.736513889,70747, 0.715 
1736487925281793,"[""ID""]",401.1775,0.887552083,106575, 0.867 
1717872951315457,"[""PL""]",,,0, 0.939 
5398752,"[""VN"", ""AU"", ""NZ""]",341.9875,0.850619792,106123, 0.918 
7677885,"[""UA"", ""RU"", ""GB"", ""IE""]",127.19,0.640713542,29394, 0.717 
1717873004098561,"[""NO""]",403.296,0.699295833,101913, 0.892 
5283668,"[""GB"", ""IE""]",338.06,0.547302083,67044, 0.684 
7986097,"[""US"", ""CA""]",439.66,0.478808333,331585, 0.529 
6853731,"[""MX"", ""CL"", ""CO"", ""AR"", ""PT"", ""PE"", ""BR""]",419.2657143,0.608642857,61447, 0.835 
2379151,"[""US"", ""CA""]",,,0, 0.415 
1690696958530561,"[""US"", ""CA""]",,,0, 0.882 
1738944472697858,"[""GR""]",239.563871,0.524010753,64621, 0.958 
1731137385143297,"[""TW"", ""MY""]",,,0, 0.915 
1702615776441346,"[""TW""]",585.525,1.065802083,84188, 0.698 
1771766145225730,"[""IL""]",347.4826498,0.738506835,97136, 0.908 
8895709,"[""US"", ""CA""]",270.5411765,0.244696078,96160, 1.000 
5081203,"[""US"", ""CA""]",,,0, 1.000 
1671850728988677,"[""SA"", ""ZA"", ""OM"", ""BH"", ""QA"", ""IQ"", ""PK"", ""KW"", ""EG""]",353.8417778,0.743940741,124185, 0.681 
1768509392482305,"[""MX"", ""UY"", ""CO"", ""AR"", ""CL"", ""EC"", ""PE"", ""BR""]",450.0616915,0.81115257,116952, 0.688 
1707485343250433,"[""JP""]",110.9025,0.719864583,78900, 0.930 
1743688605202449,"[""PH""]",176.5,0.636583333,18120, 0.906 
1773649308319761,"[""DE""]",164.665,0.854958333,59594, 0.727 
8121360,"[""VN""]",,,0, 0.967 
1695029371415554,"[""DE""]",,,0, 0.960 
1709515822030849,"[""GR""]",287.2085714,0.823172619,82338, 0.929 
1703396498337794,"[""US"", ""CA""]",43.875,0.587770833,34076, 0.615 
1741850392320033,"[""VN""]",348.855,0.841005208,98592, 0.843 
1740028774112258,"[""VN""]",322.1575,0.764427083,94370, 0.898 
1695769002769410,"[""MX"", ""UY"", ""CO"", ""AR"", ""CL"", ""EC"", ""PE"", ""BR""]",262.6763636,0.498671717,72495, 0.928 
1731051715822594,"[""MY""]",562.625,0.884265625,104693, 0.921 
1702773810415617,"[""TW""]",363.7,0.896666667,84692, 0.567 
1752174568394754,"[""GB""]",421.1225806,0.781064516,86053, 0.818 
8310909,"[""VN""]",337,0.79046875,98095, 0.804 
1673359260380165,"[""SA"", ""BH"", ""OM"", ""QA"", ""JO"", ""IQ"", ""KW"", ""EG"", ""LB""]",237.1111111,0.889777778,29601, 0.951 
7808112,"[""US"", ""CA""]",405.0175,0.86634375,103446, 0.646 
1769237292544050,"[""DE""]",229.1175,0.617270833,74007, 0.831 
3502216,"[""US"", ""CA""]",519.9247059,0.68854902,113792, 0.455 
1714819600846850,"[""KR""]",435.7575,0.614270833,91855, 0.897 
1743478384978962,"[""VN""]",465.064,0.772870833,131985, 0.906 
8750521,"[""US"", ""CA""]",689.0075,0.860505208,114756, 0.968 
1745028869745697,"[""IL""]",264.81,0.637576389,73126, 0.906 
1773649308319745,"[""DE""]",206.915,0.804,44320, 0.923 
1771649360667650,"[""SE""]",396.4299465,0.667170232,87001, 0.893 
5988360,"[""VN""]",382.6725,0.737192708,80920, 0.859 
7078503,"[""VN"", ""ID""]",461.57,0.855411458,98122, 0.934 
1695192877708290,"[""SA"", ""ZA"", ""OM"", ""BH"", ""QA"", ""JO"", ""PK"", ""KW"", ""LB"", ""EG""]",,,0, 0.934 
1704448804528129,"[""DE""]",182.2366667,0.835006944,69709, 0.776 
1962720,"[""PL""]",273.77,0.523791667,421162, 0.807 
5252512,"[""SA"", ""OM"", ""BH"", ""QA"", ""AE"", ""DZ"", ""JO"", ""IQ"", ""KW"", ""TN"", ""MA"", ""LB"", ""EG""]",367.4,0.722194444,79518, 0.811 
1762949452156946,"[""KH""]",335.03,0.796713542,81355, 0.863 
1695769088444418,"[""MX"", ""UY"", ""CO"", ""CL"", ""AR"", ""EC"", ""PE"", ""BR""]",227.3351111,0.868385185,70594, 0.923 
1707735171866626,"[""MX"", ""UY"", ""CL"", ""CO"", ""AR"", ""EC"", ""PE"", ""BR""]",288.64,0.687708995,76519, 0.742 
1695524452908033,"[""MY""]",350.3425,0.894322917,99213, 0.892 
2963527,"[""UA"", ""RU"", ""GB"", ""IE""]",995.9475,0.716145833,70262, 0.624 
1730417208825858,"[""VN""]",342.1275,0.847265625,96190, 0.964 
1736960305758209,"[""JP""]",86.038,0.497620833,76788, 0.965 
8679887,"[""TR"", ""GB"", ""IE""]",251.535,0.665114583,97043, 0.719 
1734414427011073,"[""IT""]",223.7391304,0.69242029,60378, 0.965 
1690659763144705,"[""VN""]",307.145,0.8829375,100323, 0.875 
1755261176398946,"[""DK""]",476.2985366,0.748638211,116486, 0.872 
1686785566494722,"[""TR""]",,,0, 0.987 
2861367,"[""GB"", ""RO"", ""IE""]",441.7075,0.842104167,97031, 0.775 
1769227294349330,"[""PT""]",225.0066667,0.678618056,58098, 0.911 
6888819,"[""US"", ""CA""]",103.3175,0.874385417,50246, 0.917 
1732439728831489,"[""FI""]",276.2366667,0.491583333,48644, 0.830 
1749551875837986,"[""HU""]",310.17,0.854375,23742, 0.883 
1709535619322882,"[""MX"", ""UY"", ""CL"", ""AR"", ""CO"", ""EC"", ""PE"", ""BR""]",137.0825,0.74396875,85768, 0.886 
1732438000449538,"[""FI""]",118.175,0.496369792,74549, 0.910 
1739401454974978,"[""VN""]",374.36,0.88125,97935, 0.778 
7775518,"[""VN"", ""AU"", ""NZ""]",,,0, 0.911 
1700717285620737,"[""GR""]",331.2175,0.891526042,101305, 0.928 
1714699813424130,"[""MX"", ""UY"", ""CL"", ""AR"", ""CO"", ""EC"", ""PE"", ""BR""]",348.09,0.805369792,59379, 0.807 
1739929854796801,"[""JP""]",99.94,0.626545833,94509, 0.921 
1754816678742065,"[""DK""]",222.86,0.7205,20632, 0.921 
1971606,"[""MX"", ""CO"", ""CL"", ""AR"", ""PE"", ""BR""]",273.06,0.42075,16666, 0.807 
1693810939049985,"[""KR""]",392.09,0.845263889,71706, 0.901 
1699450316471298,"[""GB""]",314.1666667,0.784131944,66000, 0.747 
2229777,"[""US"", ""CA""]",,,0, 0.571 
1711434786638849,"[""MX"", ""CL"", ""AR"", ""CO"", ""PE""]",269.1094737,0.766763158,111207, 0.931 
6587921,"[""MX"", ""UY"", ""CL"", ""AR"", ""CO"", ""EC"", ""PE"", ""BR""]",708.415,0.262005208,80483, 0.630 
1757328405260290,"[""TH""]",429.3666667,0.883180556,74839, 0.911 
1769302206223362,"[""GB""]",165.48,0.744727273,52394, 0.731 
1769104234424322,"[""KH""]",303.0475,0.917328125,81611, 0.677 
1708990849970178,"[""SA"", ""BH"", ""OM"", ""QA"", ""JO"", ""IQ"", ""KW"", ""EG"", ""LB""]",335.4125714,0.796347619,99240, 0.915 
5286693,"[""JP""]",,,0, 0.895 
1730406207574018,"[""VN""]",344.96,0.831944444,64098, 1.000 
1707712541908993,"[""GB""]",198.866087,0.569876812,49078, 0.935 
6055763,"[""CZ""]",152.4275,0.562609375,108570, 0.780 
1672130743419909,"[""US"", ""CA""]",266.925,0.286921875,221439, 0.852 
9075895,"[""ID""]",618.8666667,0.927680556,84693, 0.864 
1694647715227650,"[""TH""]",398.655,0.74253125,43211, 0.920 
1724427189184514,"[""PK""]",291.345,0.88084375,92434, 0.966 
1695036841030657,"[""GB""]",266.9906383,0.766173759,152225, 0.867 
9832298,"[""US"", ""CA""]",,,0, 0.956 
8905119,"[""VN""]",373.478,0.781975,111102, 0.910 
1700717203544066,"[""GR""]",292.74,0.82334375,97635, 0.953 
8636306,"[""US"", ""CA""]",626.49,0.899119792,118780, 0.899 
7078113,"[""HU""]",245.4925,0.726234375,63138, 0.789 
1717301867452418,"[""DE""]",147.1466667,0.633944444,41283, 0.981 
1715412305289217,"[""GB""]",125.7533333,0.700131944,57486, 0.903 
5655869,"[""US""]",326.69,0.944739583,117101, 0.632 
1719094834709505,"[""TH""]",422.59,0.886291667,125508, 0.906 
1694644258242562,"[""SE""]",,,0, 0.918 
1738218399766529,"[""GB""]",331.52,0.791807018,111146, 0.845 
1707735160255489,"[""MX"", ""UY"", ""CL"", ""AR"", ""CO"", ""EC"", ""PE"", ""BR""]",391.68,0.613129167,99828, 0.641 
1672028640715781,"[""SA"", ""OM"", ""BH"", ""QA"", ""JO"", ""IQ"", ""KW"", ""EG"", ""LB""]",31.58222222,0.368537037,14083, 0.931 
6677133,"[""AU"", ""NZ""]",224.665,0.186072917,248846, 0.928 
1730406173728769,"[""PK""]",293.6425,0.885588542,92908, 0.957 
1752289495218225,"[""DE""]",,,0, 0.890 
6085577,"[""US"", ""CA""]",626.01,0.976161458,110861, 0.949 
1694584031755266,"[""ID""]",479.91,0.856385417,49133, 0.962 
1710592,"[""SA"", ""OM"", ""BH"", ""QA"", ""DZ"", ""AE"", ""JO"", ""IQ"", ""KW"", ""TN"", ""MA"", ""LB"", ""EG""]",,,0, 0.818 
1690696921339906,"[""US"", ""CA""]",,,0, 0.872 
1743733536302098,"[""VN""]",303.2075,0.822296875,96942, 0.881 
7657980,"[""US"", ""CA""]",,,0, 0.550 
1741489031520322,"[""GR""]",393.564,0.878654167,134652, 0.968 
2972398,"[""JP""]",271.9325,0.439135417,1552008, 0.739 
1710303142350850,"[""PH""]",192.29,0.196166667,5484, 0.920 
1688580837563393,"[""SA"", ""BH"", ""ZA"", ""QA"", ""JO"", ""IQ"", ""PK"", ""KW"", ""LB"", ""EG""]",671.0222222,0.787944444,28812, 0.798 
6825716,"[""US"", ""CA""]",469.2666667,0.831104167,80056, 0.688 
1774282580703234,"[""FR""]",534.035,0.72825,42009, 1.000 
1769302206223378,"[""IT""]",,,0, 0.826 
1708585136236546,"[""VN""]",283.535,0.824104167,92805, 0.930 
1729354981773313,"[""NL""]",365.025641,0.755482906,104906, 0.896 
1769388556471314,"[""ID""]",466.81,0.8265625,91711, 0.825 
1762882575704066,"[""GB""]",166.3,0.769989583,43695, 0.764 
1768214539706402,"[""MX"", ""UY"", ""CO"", ""CL"", ""AR"", ""EC"", ""PE"", ""BR""]",234.2375,0.553734375,64354, 0.708 
8085619,"[""UA"", ""RU"", ""GB"", ""IE""]",828.38,0.88125,21405, 0.660 
1735501614322689,"[""CZ""]",406.0675,0.754119792,100831, 0.956 
1658495581892613,"[""JP""]",358.89,0.802041667,89524, 0.950 
1637679,"[""IT""]",,,0, 0.778 
1673348779685894,"[""JP""]",245.854,0.8151375,109394, 0.940 
1769935154352129,"[""PT""]",369.3725,0.742239583,85797, 0.920 
1761892264652818,"[""DE""]",31.43304348,0.077644928,48106,                  -   
1908685,"[""GB"", ""IT"", ""IE""]",346.12,0.823541667,87770, 0.835 
1738792,"[""GB"", ""IE""]",378.41,0.577380208,66431, 0.673 
1716603082926081,"[""FR""]",146.955,0.676041667,39399, 0.912 
1749551102733346,"[""FR""]",368.7636364,0.609934343,67276, 0.926 
1755170505776146,"[""DE""]",129.0986667,0.503333333,25270, 1.000 
1750192107946001,"[""SE""]",294.16,0.516041667,32240, 0.894 
1729239939698689,"[""VN""]",286.066,0.782075,119750, 0.928 
1694042067160066,"[""ES""]",280.52,0.907555556,62211, 0.908 
1735589382242306,"[""GR""]",263.338,0.7064875,97804, 0.938 
2500551,"[""TH""]",546.93,0.810390625,96075, 0.909 
1707136234999809,"[""VN""]",315.03,0.735555556,72056, 0.956 
9152229,"[""UA"", ""RU"", ""GB"", ""IE""]",841.7175,0.689583333,70886, 0.686 
1526068,"[""KH""]",388.655,0.205260417,20818, 0.800 
1714345843065857,"[""SA"", ""OM"", ""BH"", ""QA"", ""JO"", ""IQ"", ""KW"", ""EG"", ""LB""]",297.0222222,0.560856481,81177, 0.790 
1765496560705538,"[""GB""]",335.34,0.7755625,88527, 0.718 
1732544052753410,"[""MX"", ""UY"", ""CO"", ""AR"", ""CL"", ""EC"", ""PE"", ""BR""]",211.304186,0.850507752,138292, 0.936 
1694560071360513,"[""TH""]",535.95,0.893395833,74736, 0.939 
1700712799127554,"[""BY""]",382.8225,0.796572917,95039, 0.784 
5858713,"[""US"", ""CA""]",769.34,0.98409375,118447, 0.935 
1672105296352262,"[""SA"", ""BH"", ""OM"", ""QA"", ""JO"", ""IQ"", ""KW"", ""LB"", ""EG""]",602.82,0.870791667,23540, 0.935 
1755920005992482,"[""KR""]",300.176,0.723433333,102509, 0.812 
1672986827202566,"[""TR""]",189.1033333,0.758701389,64009, 0.954 
5311062,"[""US"", ""CA""]",554.6875,0.91984375,104661, 0.963 
1709538829889538,"[""US"", ""CA""]",284.0775,0.69384375,74704, 0.891 
1737385931936769,"[""MY""]",875.4075,0.838229167,93714, 0.953 
1768474128071713,"[""MX"", ""UY"", ""CO"", ""AR"", ""CL"", ""EC"", ""PE"", ""BR""]",359.6125,0.631802083,80775, 0.968 
3318327,"[""ID""]",124.652,0.536583333,102899, 0.423 
1729420416668674,"[""VN""]",277.5775,0.795411458,95901, 0.824 
2191032,"[""ID""]",177.245,0.1421875,35972, 0.732 
1772265209854994,"[""ID""]",478.7633333,0.928909722,79430, 0.912 
1739658380282881,"[""ID""]",398.8625,0.829135417,97234, 0.962 
1695027942470657,"[""GB""]",631.9425641,0.782905983,104843, 0.886 
1705878830248961,"[""GB""]",319.8,0.743427778,81447, 0.845 
1714437736888321,"[""MX"", ""UY"", ""CO"", ""AR"", ""CL"", ""EC"", ""PE"", ""BR""]",163.0837209,0.605862403,77509, 0.879 
1759883889722386,"[""KZ""]",228.144,0.75125,98450, 0.854 
1736806401258498,"[""DE""]",206.148,0.713691667,98946, 0.881 
1686044610970626,"[""TR""]",336.974,0.8692375,117723, 0.978 
1701877328285698,"[""PH""]",615.95,0.830208333,45544, 0.953 
7091528,"[""ES"", ""GB"", ""IE""]",216.34,0.728229167,58188, 0.797 
9211081,"[""JP""]",587.112,0.606766667,57890, 0.858 
8980010,"[""MX"", ""CO"", ""AR"", ""CL"", ""PE"", ""BR""]",317.2066667,0.753708333,77846, 0.684 
1739663,"[""TW"", ""KR""]",514.558,0.8700375,123665, 0.903 
2713299,"[""ID""]",604.6525,0.364286458,54749, 0.843 
1726045679043586,"[""US"", ""CA""]",108.72,0.5701,63648, 0.758 
6238895,"[""GB"", ""RO"", ""IE""]",416.3675,0.830244792,82679, 0.855 
5385752,"[""VN""]",423.645,0.804276042,91398, 0.902 
7329305,"[""AT"", ""GB"", ""CH"", ""DE"", ""IE""]",68.015,0.289703125,40612, 0.484 
3639978,"[""AU"", ""MY""]",389.488,0.883741667,127068, 0.912 
5971130,"[""PL"", ""GB"", ""IE""]",120.8066667,0.6435625,25774, 0.792 
1263657,"[""PH"", ""ID""]",554.24,0.862703125,97076, 0.879 
1764043372560386,"[""KH""]",423.064,0.8378125,126028, 0.764 
1698794983674882,"[""VN""]",263.34,0.8634375,24654, 0.958 
1752814644707361,"[""DE""]",87.46580645,0.848252688,98101, 0.891 
9317729,"[""ES"", ""SG""]",476.305,0.728854167,82018, 0.873 
1746471679126529,"[""SA"", ""BH"", ""OM"", ""QA"", ""JO"", ""IQ"", ""KW"", ""MA"", ""EG"", ""LB""]",408.4254545,0.763458333,120373, 0.886 
1743733252058114,"[""PH""]",438.22,0.609875,17292, 0.866 
1738425578529794,"[""MX"", ""UY"", ""CO"", ""CL"", ""AR"", ""EC"", ""PE"", ""BR""]",286.6475,0.6,78932, 1.000 
1724427024360449,"[""PK""]",,,0, 0.932 
1756413186738241,"[""TW""]",844.81,0.896091667,126024, 0.823 
3250923,"[""VN""]",516.2633333,0.583965278,66955, 0.815 
1532312,"[""US"", ""CA""]",366.8475,0.896989583,108735, 0.595 
1770378596425729,"[""GB""]",112.6156522,0.549557971,46713, 0.910 
1771651753127937,"[""PH""]",341.3,0.892380208,102365, 0.929 
1748621311175681,"[""MX"", ""UY"", ""CL"", ""AR"", ""CO"", ""EC"", ""PE"", ""BR""]",346.0025,0.812932292,93917, 0.768 
1724279233783810,"[""MX"", ""CO"", ""AR"", ""CL"", ""PE""]",406.7819355,0.776086022,86125, 0.880 
1726740282128385,"[""NL""]",655.5957895,0.714679825,91767, 0.976 
1732493853545473,"[""ID""]",357.9933333,0.846381944,72434, 0.958 
1691911847674882,"[""PH""]",619.1025,0.841666667,96176, 0.905 
1749551102733314,"[""HU""]",302.8825,0.943229167,106528, 0.934 
1755168751809617,"[""DE""]",245.7575,0.694588542,86500, 0.886 
1743843711746081,"[""JP""]",1127.86,0.83409375,46116, 0.978 
7006780,"[""AU""]",153.49,0.8875,47399, 1.000 
6507895,"[""ES"", ""GB"", ""IE""]",310.7325,0.756515625,151187, 0.781 
1768474128071697,"[""MX"", ""UY"", ""CL"", ""CO"", ""AR"", ""EC"", ""PE"", ""BR""]",366.3393939,0.743222222,87479, 0.600 
2658129,"[""SI"", ""GB"", ""IE""]",558.805,0.83428125,47756, 0.807 
1772589427457042,"[""TW""]",120.7575,0.787541667,90268, 0.818 
1772265481709569,"[""ID""]",419.9575,0.903609375,103550, 0.902 
6833239,"[""US"", ""CA""]",532.07,0.749630208,96421, 0.647 
1748303624947714,"[""PT""]",388.1733333,0.8289375,70110, 0.887 
8792117,"[""MY"", ""ID""]",448.152,0.806979167,129378, 0.903 
5093589,"[""VN""]",297.2425,0.535916667,58241, 0.778 
1721013871652866,"[""TH""]",521.1475,0.708447917,99306, 0.939 
1695025787506689,"[""FR""]",366.6270968,0.718317204,100096, 0.923 
7062657,"[""GB"", ""IE""]",219.3175,0.700385417,85995, 0.594 
6018996,"[""VN""]",120.18,0.686803571,73378, 0.885 
1694616462059521,"[""TH""]",659.5333333,0.88575,75817, 0.952 
5229352,"[""ES"", ""GB"", ""IE""]",424.9175,0.567015625,95917, 0.831 
1770378596425745,"[""GB""]",173.7832258,0.599741935,64237, 1.000 
6953937,"[""JP""]",294.0825,0.43675,1118474, 0.758 
1735599208242177,"[""JP""]",31.64,0.048666667,13359, 0.923 
1768211443916817,"[""MX"", ""UY"", ""CL"", ""AR"", ""CO"", ""EC"", ""PE"", ""BR""]",838.3475,0.833484375,95424, 0.959 
2712226,"[""JP""]",858.87,0.878020833,100924, 0.913 
7579980,"[""TH""]",5.35,0,172, 0.667 
1672026730048518,"[""ME""]",682.1107692,0.842089744,86474, 0.979 
1684284296197122,"[""KR""]",321.57,0.689180556,57669, 0.856 
5357953,"[""ID""]",221.03,0.783192708,46018, 0.842 
7697006,"[""TH""]",315.595,0.405973958,302454, 0.760 
1005827,"[""BR""]",76.5875,0.346677083,107285,                  -   
1761892264652834,"[""DK""]",351.088,0.8135875,118316, 0.915 
9612813,"[""PL"", ""GB"", ""IE""]",410.85,0.691166667,28740, 0.766 
1677146358517761,"[""RO""]",136.325,0.790583333,62766, 0.908 
7259797,"[""US"", ""CA""]",706.96,0.953854167,79295, 0.927 
1728803985053697,"[""VN""]",324.135,0.834375,79049, 1.000 
1754268607211537,"[""FR""]",280.09,0.708166667,79163, 0.895 
1686761582885889,"[""RO""]",184.1973333,0.700444444,74359, 0.971 
1734911759996929,"[""US"", ""CA""]",514.6425,0.822520833,92238, 0.901 
1768214539706386,"[""MX"", ""UY"", ""CO"", ""CL"", ""AR"", ""EC"", ""PE"", ""BR""]",642.2733333,0.825694444,71555, 0.963 
1712377365906433,"[""KH""]",441.6525,1.157927083,102324, 0.871 
1714437573521410,"[""MX"", ""UY"", ""CO"", ""AR"", ""CL"", ""EC"", ""PE"", ""BR""]",165.4375,0.778317708,92996, 0.760 
2536138,"[""US"", ""CA""]",274.6975,0.857046875,97863, 0.632 
1715242884561922,"[""MX"", ""UY"", ""CO"", ""CL"", ""AR"", ""EC"", ""PE"", ""BR""]",227.5325,0.832494792,92684, 0.818 
1708911588315137,"[""RO""]",246.5566667,0.886854167,66420, 0.952 
3823395,"[""ES"", ""SG""]",531.9625,0.788854167,96095, 0.887 
9329070,"[""TH""]",340.2333333,0.247986111,51115, 0.812 
1195713,"[""MY"", ""SG""]",335.2475,0.418296875,70140, 0.778 
1769302206223394,"[""NL""]",201.4075,0.649,89455, 0.385 
2796851,"[""KZ""]",26.285,0.63434375,36862,                  -   
1757803306771458,"[""IL""]",282.0825,0.883770833,102113, 0.927 
3500723,"[""SA"", ""OM"", ""QA"", ""AE"", ""TR"", ""PK"", ""KW"", ""MA"", ""EG"", ""LB""]",,,0, 0.608 
6685517,"[""MX"", ""UY"", ""CL"", ""AR"", ""CO"", ""EC"", ""PE"", ""BR""]",317.36,0.223020833,27532, 0.797 
3139936,"[""US"", ""CA""]",587.545,0.909052083,97236, 0.926 
1709528915683329,"[""MX"", ""UY"", ""CO"", ""AR"", ""CL"", ""EC"", ""PE"", ""BR""]",220.8033333,0.663590278,60766, 0.854 
5073882,"[""US"", ""CA""]",487.63,0.776359375,97441, 1.000 
1743522632016930,"[""FI""]",325.275,0.65734375,93174, 0.870 
2398007,"[""AU"", ""NZ""]",520.442,0.861220833,130022, 0.901 
1749554287819777,"[""HU""]",,,0, 0.914 
1730407751343106,"[""VN""]",317.74,0.729953125,97787, 0.886 
3731581,"[""US"", ""CA""]",768.63,1.112666667,88839, 0.958 
3376191,"[""US"", ""CA""]",570.9833333,0.938215278,79173, 0.963 
9660890,"[""TH""]",552.4075,0.83828125,95388, 0.869 
1752511011701794,"[""MY""]",,,0, 1.000 
1769411685685298,"[""RO""]",184.855,0.569875,32703, 0.877 
3092815,"[""GB"", ""DE"", ""IE""]",376.89,0.566635417,77102, 0.534 
1694617137465346,"[""TH""]",382.215,0.871614583,49196, 0.905 
1694285854171202,"[""FR""]",162.85,0.60165625,34457, 0.953 
1769753719517217,"[""TR""]",392.7633333,0.846166667,140877, 0.936 
1686044715023361,"[""TR""]",373.1006897,0.825683908,97204, 0.964 
1738295845374977,"[""VN""]",259.0725,0.842375,94521, 0.915 
1762949587637265,"[""BR""]",141.41,0.81865625,92128, 0.659 
1757699691554817,"[""TH""]",398.04,0.918401042,104054, 0.920 
6775555,"[""SA"", ""OM"", ""BH"", ""QA"", ""AE"", ""TR"", ""PK"", ""KW"", ""MA"", ""EG""]",521.805,0.75184375,107259, 0.720 
9689106,"[""ID""]",428.2666667,0.961375,85182, 0.802 
1700711909345282,"[""TR""]",233.532,0.7762625,122821, 0.984 
1960716,"[""UA"", ""RU"", ""GB"", ""IE""]",751.4266667,0.894444444,65124, 0.694 
6958678,"[""VN""]",367.625,0.748953125,97224, 0.878 
1708245356577793,"[""PT""]",350.8625,0.804505208,91429, 0.872 
1712656329125890,"[""MY""]",343.265,0.798333333,44263, 0.950 
5181181,"[""TH""]",351.09,0.263958333,28720, 0.806 
1738944960547842,"[""GR""]",399.15,0.899441667,108651, 0.960 
1753333041068065,"[""ME""]",498.2325581,0.798244186,113969, 0.801 
1772265235365890,"[""ID""]",227.9966667,0.917777778,79167, 0.875 
5911828,"[""SA"", ""OM"", ""BH"", ""QA"", ""DZ"", ""AE"", ""JO"", ""IQ"", ""KW"", ""TN"", ""MA"", ""LB"", ""EG""]",359.1525,0.638588542,78396, 0.740 
1693631923842050,"[""VN""]",249.015,0.858135417,97750, 0.906 
1746471679125505,"[""FI""]",156.9625,0.582479167,66340, 0.878 
1714594710759425,"[""MX"", ""UY"", ""CL"", ""AR"", ""CO"", ""EC"", ""PE"", ""BR""]",666.2451613,0.85677957,96185, 0.859 
1766581327986690,"[""TH""]",430.8825,0.890255208,100610, 0.921 
1772483946030082,"[""ES""]",476.6769231,0.765286325,105044, 0.750 
1710178216772609,"[""US"", ""CA""]",324.7566667,0.801277778,66126, 0.923 
5559050,"[""KZ""]",160.19,0.485682292,84066, 1.000 
7510915,"[""ES""]",245.0775,0.463973958,480222, 0.720 
1770122030869554,"[""FI""]",211.6533333,0.357256944,63402, 0.931 
1696840306714625,"[""PT""]",,,0, 0.945 
1771651756368914,"[""CZ""]",166.0133333,0.53775,45342, 0.939 
1702615828243457,"[""TW""]",556.4925,0.967770833,74180, 0.758 
1726915520754690,"[""MX"", ""UY"", ""CO"", ""CL"", ""AR"", ""EC"", ""PE"", ""BR""]",156.48,0.54875,67962, 0.809 
1721098830726145,"[""ID""]",363.55,0.843135417,48169, 0.904 
1658495634612229,"[""JP""]",242.41,0.802927083,66150, 0.922 
1746897955103761,"[""SA"", ""OM"", ""BH"", ""QA"", ""JO"", ""IQ"", ""KW"", ""MA"", ""LB"", ""EG""]",472.5082353,0.76954902,47247, 0.932 
9536595,"[""GB"", ""IE""]",320.72,0.743958333,183804, 0.757 
1771833218364418,"[""JP""]",321.8033333,0.369173611,31988, 0.953 
1896261,"[""US"", ""CA""]",17.16,0.708,6135, 0.908 
2789685,"[""MX"", ""CL"", ""AR"", ""CO"", ""PE"", ""BR""]",356.3975,0.77990625,99940, 0.719 
1739288728407042,"[""MY""]",526.85,0.896447917,50998, 0.922 
1723656806883329,"[""MX"", ""UY"", ""CL"", ""AR"", ""CO"", ""EC"", ""PE"", ""BR""]",243.765,0.61328125,22299, 0.913 
1739401456230402,"[""VN""]",248.3866667,0.866840278,75972, 0.917 
1695096874431489,"[""GB""]",,,0, 0.647 
1770594586507313,"[""FI""]",,,0, 0.759 
1711502694841346,"[""MX"", ""CL"", ""AR"", ""CO"", ""PE""]",605.0683871,0.801306452,89451, 0.873 
1752174620822530,"[""IT""]",274.3066667,0.784381944,67215, 0.904 
2568713,"[""MX"", ""CO"", ""CL"", ""AR"", ""PE"", ""BR""]",313.8233333,0.871395833,74361, 0.612 
6537093,"[""SA"", ""BH"", ""OM"", ""QA"", ""AE"", ""DZ"", ""JO"", ""IQ"", ""KW"", ""TN"", ""MA"", ""LB"", ""EG""]",,,0, 0.785 
1721099016810497,"[""ID""]",314.41,0.839791667,49441, 0.948 
9879733,"[""US"", ""CA""]",984.405,0.76278125,138446, 0.969 
1694582808607746,"[""ID""]",444.36,0.855798611,72885, 0.952 
1739401252016130,"[""VN""]",343.98,0.836458333,90204, 1.000 
1695065942222849,"[""ID""]",151.62,0.38125,9795, 0.925 
1713600848621569,"[""SA"", ""OM"", ""BH"", ""QA"", ""JO"", ""IQ"", ""KW"", ""LB"", ""EG""]",286.9955556,0.593361111,37468, 0.965 
8886189,"[""US"", ""CA""]",570.76,0.942333333,51711, 0.949 
1693532818526210,"[""VN""]",350.8575,0.853864583,97698, 0.908 
1757803306771474,"[""IL""]",278.4588957,0.446947853,51556, 0.877 
1725613596949506,"[""VN""]",273.252,0.892345833,127231, 0.829 
1749552718474241,"[""FR""]",,,0, 0.867 
1704414376583169,"[""PH""]",626.3775,0.827083333,87703, 0.953 
7176755,"[""PK""]",82.8025,0.611177083,64443, 0.600 
9075900,"[""VN"", ""AU""]",415.875,0.772770833,90562, 0.871 
1749551020194849,"[""FR""]",572.0125,0.777666667,86228, 0.922 
1719382326193154,"[""SE""]",387.7290323,0.961870968,61300, 0.942 
1769411685685282,"[""HU""]",658.336,0.888441667,130834, 0.889 
5628560,"[""PH"", ""SG""]",288.3355556,0.525,50586, 0.861 
8391567,"[""TH""]",483.195,0.86509375,99213, 0.885 
7339032,"[""PL"", ""GB"", ""IE""]",,,0, 0.740 
1718383512094722,"[""KZ""]",281.7043478,0.497362319,50834, 0.790 
1690429189950466,"[""SA"", ""BH"", ""OM"", ""QA"", ""JO"", ""IQ"", ""KW"", ""LB"", ""EG""]",278.4517647,0.802941176,48836, 0.707 
1772381082377233,"[""DE""]",265.1671795,0.776444444,107843, 0.861 
1710756639046657,"[""VN""]",274.68,0.849305556,70406, 0.954 
8585325,"[""KR"", ""JP""]",996.2066667,0.971611111,82996, 0.893 
1759086854982705,"[""SA"", ""OM"", ""BH"", ""QA"", ""JO"", ""KW"", ""LB"", ""EG""]",37.92,0.100351852,3256, 0.865 
2587769,"[""GB"", ""IE""]",193.66,0.654625,57046, 0.694 
1704427736737794,"[""RO""]",284.4857143,0.704696429,73390, 0.948 
6217365,"[""ID""]",645.3875,0.438380208,31454, 0.797 
1752720374569010,"[""DE""]",289.1741935,0.718887097,80198, 0.846 
1722190997808130,"[""JP""]",128.72,0.71321875,81312, 0.935 
1738220875222018,"[""ES""]",362.9784615,0.746615385,109601, 0.898 
1696572963308546,"[""MX"", ""CO"", ""CL"", ""AR"", ""PE""]",594.5466667,0.804319444,73171, 0.921 
1759306276576305,"[""TH""]",427.2,0.882588542,99369, 0.923 
1677142216695810,"[""JP""]",155.2933333,0.615972222,51253, 0.945 
1751009463292962,"[""MY""]",303.705,0.902364583,103135, 0.888 
2558275,"[""ID""]",175.6275,0.101791667,26685, 0.794 
1716493181062146,"[""DE""]",,,0, 0.970 
1729988924221442,"[""PL""]",693.642,0.766895833,109415, 0.881 
1752274718632994,"[""DE""]",204.9733333,0.768727778,80249, 0.890 
1729801759373313,"[""PL""]",411.2575,0.771151042,87196, 0.946 
5290153,"[""IE"", ""FR""]",189.31,0.55121875,67448, 0.759 
1693854687232002,"[""PT""]",367.74,0.771033333,109699, 0.818 
7232525,"[""SA"", ""OM"", ""BH"", ""QA"", ""AE"", ""KW"", ""MA"", ""LB"", ""EG""]",693.045,0.39490625,87669, 0.674 
1722217048904706,"[""PT""]",478.415,0.788947917,88112, 0.953 
1735485286311938,"[""ID""]",262.385,0.816666667,93059, 0.946 
1752720343698450,"[""DE""]",,,0, 0.886 
1734245031704577,"[""MY""]",298.67,0.576307292,89424, 0.923 
1762949587637281,"[""BR""]",456.592,0.825955556,86789, 0.362 
1694617222918145,"[""TH""]",535.345,0.918697917,102647, 0.955 
1695745664654337,"[""PT""]",221.4366667,0.794125,68687, 0.958 
1668910975982598,"[""US"", ""CA""]",210.006,0.458429167,58385, 0.810 
1709538693282817,"[""US"", ""CA""]",329.11,0.693965278,57314, 0.862 
7767295,"[""BE"", ""NL""]",714.975,0.29009375,19122, 0.816 
1769753719517201,"[""DE""]",241.15,0.7051875,20068, 0.733 
1739288436103169,"[""MY""]",668.865,0.850458333,96049, 0.925 
2980780,"[""TH""]",467.0725,0.7949375,93400, 0.771 
1710303056363522,"[""PH""]",515.6475,0.635140625,85692, 0.959 
1690681203885058,"[""GB""]",134.6,0.565270833,15910, 0.835 
1695831473041410,"[""PH""]",493.18,0.8730625,26237, 0.906 
1728803946082306,"[""VN""]",324.175,0.704635417,98262, 0.926 
1694644355452929,"[""TH""]",213.725,0.01203125,74611, 1.000 
1671854872651782,"[""SA"", ""BH"", ""OM"", ""QA"", ""JO"", ""IQ"", ""KW"", ""MA"", ""LB"", ""EG""]",87.76,0.274944444,8000, 0.904 
9031531,"[""PT"", ""GB"", ""IE""]",139.0066667,0.636888889,97064, 0.753 
1755541489127442,"[""TH""]",460.74,0.89375,49873, 0.946 
8051836,"[""JP""]",137.7175,0.224697917,5244816, 0.698 
1696563280934914,"[""DE""]",,,0, 0.757 
6552319,"[""US"", ""CA""]",291.94,0.814760417,152397, 0.963 
1752092805324881,"[""PL""]",227.68,0.714229167,88700, 0.911 
7330192,"[""MX"", ""CO"", ""AR"", ""CL"", ""PE"", ""BR""]",,,0, 0.733 
1708417566496770,"[""NO""]",291.773494,0.704191767,94587, 0.908 
1734415103300609,"[""NL""]",910.8556522,0.831275362,42378, 0.939 
7207797,"[""TW"", ""KR"", ""SG""]",506.06,0.854692708,95931, 0.899 
1737385910931458,"[""MY""]",654.2725,0.868458333,96760, 0.953 
6637200,"[""GB"", ""IE""]",774.3025,0.785416667,60722, 0.500 
1769753719517185,"[""DE""]",328.1025,0.818875,93288, 0.595 
1714701418056706,"[""MX"", ""UY"", ""CO"", ""CL"", ""AR"", ""EC"", ""PE"", ""BR""]",328.0175,0.825625,95690, 0.885 
1695601116227585,"[""MX"", ""UY"", ""CO"", ""AR"", ""CL"", ""EC"", ""PE"", ""BR""]",181.35,0.670131944,65327, 1.000 
1741913057608722,"[""VN""]",362.6,0.847395833,91209, 0.867 
8320536,"[""TW"", ""KR"", ""MY""]",715.385,0.769541667,115341, 0.876 
1668385922699269,"[""SA"", ""OM"", ""BH"", ""QA"", ""JO"", ""IQ"", ""KW"", ""LB"", ""EG""]",,,0, 0.890 
1739401440195586,"[""VN""]",299.57,0.9008125,77759, 0.921 
6307635,"[""ID""]",211.7575,0.560375,41063, 0.825 
1958955,"[""SA"", ""OM"", ""BH"", ""AE"", ""KW"", ""MA"", ""EG"", ""LB""]",951.29,0.735760417,117912, 0.656 
1739404231546882,"[""VN""]",213.725,0.329677083,28134, 0.902 
6082237,"[""NO"", ""DK"", ""GB"", ""SE"", ""IE""]",327.225,0.693088542,109146, 0.778 
1736487625947138,"[""ID""]",,,0, 0.951 
1727932125144066,"[""GB""]",83.815,0.455229167,25197, 0.827 
1755541489127426,"[""TH""]",462.29,0.896192708,100955, 0.874 
1707039421947906,"[""VN""]",317.5175,0.863125,97626, 0.954 
1672502130826246,"[""US"", ""CA""]",273.78,0.733953125,83214, 0.886 
8959882,"[""JP""]",725.0166667,0.843916667,77776, 0.929 
1235883,"[""MX"", ""UY"", ""CO"", ""CL"", ""AR"", ""EC"", ""PE"", ""BR""]",119.755,0.217822917,23183, 0.856 
1709538761183233,"[""US"", ""CA""]",364.984,0.75085,21871, 0.706 
1125738,"[""AU"", ""PH""]",,,0, 0.873 
1680305893816321,"[""JP""]",197.0375,0.719114583,65364, 0.919 
1672986639510534,"[""HU""]",278.6,0.717682292,76088, 0.918 
1693570916755458,"[""VN""]",286.48,0.877322917,98998, 0.932 
7202717,"[""VN"", ""SG""]",191.225,0.61875,65244, 0.909 
1772381082377217,"[""IT""]",338.2425806,0.72288172,81687, 0.919 
7210610,"[""TR"", ""GB"", ""IE""]",400.8225,0.678911458,77898, 0.875 
2779680,"[""US"", ""CA""]",629.26,0.96921875,53265, 0.947 
1684284299223042,"[""KR""]",97.11,0.498385417,143045, 1.000 
1724426780891138,"[""PK""]",,,0, 0.928 
1726035034103809,"[""US"", ""CA""]",382.2175,0.766552083,86316, 0.862 
3371590,"[""US"", ""CA""]",502.2,0.7163125,80375, 0.250 
1707594790858753,"[""TH""]",421.645,0.852260417,48201, 0.918 
1727251400013825,"[""TW""]",529.5575,0.867270833,98587, 0.884 
1773821208648705,"[""FR""]",407.42,0.5345625,41472, 1.000 
1694642426071042,"[""TH""]",,,0, 0.931 
1758321725872145,"[""KH""]",28.1525,0.11396875,11488, 0.776 
1703245158008833,"[""JP""]",61.495,0.148359375,27574, 1.000 
1765410904045586,"[""CZ""]",47.53,0.341697917,15297, 0.932 
1724470408352770,"[""SA"", ""BH"", ""OM"", ""QA"", ""JO"", ""IQ"", ""KW"", ""LB"", ""EG""]",255.9511111,0.811601852,103025, 0.888 
1726904276471809,"[""NL""]",314.6121739,0.808021739,69375, 0.898 
1717387827033089,"[""NL""]",342.8142857,0.792433036,66612, 0.908 
1658495710301189,"[""JP""]",282.985,0.8173125,28146, 0.924 
1659157348547589,"[""US"", ""CA""]",112.368,0.6079,20235, 0.668 
1760317489090561,"[""HU""]",363.265,0.805208333,90991, 0.866 
8272703,"[""GB"", ""DE"", ""IE""]",135.3364706,0.593078431,80328, 0.800 
1764066885924882,"[""KH""]",408.798,0.9993125,124275, 0.785 
9677967,"[""UA"", ""RU"", ""GB"", ""IE""]",464.6166667,0.794993056,77013, 0.727 
1714611028454401,"[""OM"", ""BH"", ""QA"", ""JO"", ""IQ"", ""KW"", ""MA"", ""LB"", ""EG""]",206.8260465,0.837705426,129131, 0.977 
7066752,"[""IE"", ""FR""]",434.48,0.518760417,109345, 0.660 
1732374832822274,"[""VN""]",320.945,0.885291667,100236, 0.900 
2287729,"[""AU"", ""NZ"", ""SG""]",612.5766667,0.856090278,84239, 0.941 
1690832211660801,"[""VN""]",330.8375,0.771442708,111207, 0.887 
1773654622274577,"[""IT""]",510.695,0.514427083,37733, 1.000 
9537123,"[""TW""]",546.91,0.154236111,46056, 0.936 
1705885139658754,"[""ES""]",106.7432258,0.444424731,60045, 0.921 
7550336,"[""US"", ""CA""]",582.75,1.032659722,88647, 0.951 
1734581654195201,"[""JP""]",,,0, 1.000 
1714297345849346,"[""JP""]",133.6066667,0.911229167,16840, 1.000 
1700618236673025,"[""KR""]",413.6714286,0.754303571,74073, 0.911 
1760231832598577,"[""US""]",194.82,0.553340278,52351, 0.814 
1735485686245377,"[""PH""]",311.985,0.8283125,44675, 0.883 
1863322,"[""SA"", ""OM"", ""BH"", ""QA"", ""DZ"", ""AE"", ""JO"", ""IQ"", ""KW"", ""TN"", ""MA"", ""EG"", ""LB""]",293.095,0.719026042,99555, 0.791 
8997707,"[""MX"", ""UY"", ""CO"", ""CL"", ""AR"", ""EC"", ""PE"", ""BR""]",853.35,0.5135,214530, 0.835 
9221676,"[""US"", ""CA""]",611.0866667,0.902479167,83343, 1.000 
1729881220899841,"[""ID""]",234.546,0.84125,115174, 0.923 
1717156007162882,"[""US"", ""CA""]",275.6333333,0.804486111,74065, 0.920 
1672187707661318,"[""SA"", ""BH"", ""OM"", ""QA"", ""JO"", ""IQ"", ""KW"", ""LB"", ""EG""]",162.8777778,0.752643519,104278, 0.875 
1717766044988418,"[""GR""]",300.93,0.905204167,126458, 0.942 
1711502592171010,"[""GB""]",359.04,0.787182796,88714, 0.780 
8920962,"[""US"", ""CA""]",679.79,0.779239583,122775, 0.943 
8959015,"[""IE"", ""FR""]",367.275,0.543989583,37267, 0.721 
1698909271368705,"[""NL""]",274.025,0.879166667,48979, 1.000 
1736947320740865,"[""ES""]",,,0, 0.863 
8905332,"[""US""]",239.675,0.596354167,81143, 1.000 
1686046427415554,"[""GR""]",,,0, 0.921 
5207032,"[""US"", ""CA""]",600.1575,0.574958333,68917, 0.593 
1170018,"[""GB"", ""IE""]",208.015,0.664322917,100846, 0.841 
1671848935147526,"[""SA""]",,,0, 0.969 
1694797801980930,"[""TH""]",492.6,0.911270833,103811, 0.920 
1707612269173761,"[""VN""]",267.3973333,0.888288889,94325, 0.679 
1772265394873378,"[""GB""]",210.15,0.782354167,46301, 1.000 
1719286998471682,"[""SE""]",568.9764103,0.804235043,116692, 0.922 
1701278640652289,"[""DE""]",,,0, 0.855 
1761689696230402,"[""PT""]",448.558,0.803454167,112026, 0.928 
1769748362234898,"[""RO""]",386.58,0.711197917,41184, 0.967 
1689864511333377,"[""TR""]",,,0, 0.960 
1716134635254786,"[""MX"", ""UY"", ""CL"", ""CO"", ""AR"", ""EC"", ""PE"", ""BR""]",160.332,0.725741667,134646, 0.938 
1736487431998466,"[""ID""]",371.5025,0.862026042,98203, 0.941 
1737385918688258,"[""MY""]",281.055,0.579416667,90141, 0.900 
1755154458300449,"[""FI""]",498.485,0.476848958,78096, 0.798 
1710346242337793,"[""PH""]",551.1633333,0.580555556,83536, 0.889 
6997655,"[""GB"", ""IE""]",554.965,0.651770833,54850, 0.654 
1710771975882753,"[""VN""]",347.9225,0.830302083,94903, 0.924 
6112073,"[""SE""]",186.845,0.897427083,7124567, 0.745 
1695096148334594,"[""NL""]",472.2226087,1.115514493,76199, 0.913 
6898313,"[""SA"", ""BH"", ""OM"", ""QA"", ""DZ"", ""AE"", ""JO"", ""IQ"", ""KW"", ""TN"", ""MA"", ""LB"", ""EG""]",,,0, 0.769 
1747029102355473,"[""IT""]",,,0, 0.850 
1695042394858498,"[""GB""]",192.8184615,0.774884615,110738, 0.667 
1763683705376834,"[""DE""]",167.1275,0.784692708,82142, 0.777 
1721716500382722,"[""VN""]",319.35,0.877348958,99911, 0.925 
1771651748366369,"[""DK""]",340.0075,0.931171875,109271, 0.854 
3709966,"[""US"", ""CA""]",,,0, 1.000 
5827188,"[""US"", ""CA""]",37.2,0,3103, 0.571 
1719121617233921,"[""GB""]",191.46,0.726625,42628, 0.965 
1738944644500481,"[""HU""]",270.6193548,0.586758065,67686, 0.917 
1740028757121026,"[""VN""]",317.2,0.796927083,92628, 0.899 
1750192071466001,"[""NL""]",286.9333333,0.756638889,73792, 0.951 
6251180,"[""VN"", ""PH""]",568.5975,0.622588542,90067, 0.958 
9627209,"[""KR"", ""ID""]",584.125,0.831630208,92099, 0.923 
7183392,"[""VN"", ""AU"", ""NZ""]",481.9675,0.783020833,90355, 0.916 
1693552146083842,"[""VN""]",255.7133333,0.690208333,108521, 0.937 
1714754321751042,"[""KR""]",440.5166667,0.810236111,68457, 0.884 
1736353473700865,"[""MX"", ""UY"", ""CO"", ""CL"", ""AR"", ""EC"", ""PE"", ""BR""]",255.6125,0.82925,94385, 0.883 
7568002,"[""AU"", ""NZ"", ""SG""]",575.985,0.680177083,104306, 0.896 
1701554233992194,"[""GB""]",237.79,0.667375,19196, 0.797 
3197355,"[""KR""]",235.8,0.2409375,44360, 0.673 
1771418356314129,"[""PH""]",323.15,0.756925,106272, 0.949 
1767847119851538,"[""TW""]",776.7325,0.853260417,93152, 0.813 
1006029,"[""CZ"", ""GB"", ""IE""]",381.8833333,0.722229167,63213, 0.674 
1770215386063954,"[""JP""]",211.8975,0.562880208,64819, 0.991 
1743733252059138,"[""FI""]",117.034,0.373091667,78294, 0.760 
7851571,"[""AU"", ""NZ""]",328.4775,0.400953125,79138, 0.831 
1704519112653825,"[""ID""]",445.75,0.860807292,103725, 0.970 
2927720,"[""US"", ""CA""]",684.6275,0.993135417,109665, 0.958 
1578300,"[""IE"", ""FR""]",362.92,0.867927083,97895, 0.806 
1590898,"[""GB"", ""IT"", ""IE""]",436.12,0.746385417,88483, 0.709 
9727581,"[""GB"", ""IE"", ""HU""]",368.62,0.93096875,54974, 0.793 
1686044761231362,"[""TR""]",382.74,0.9161125,126623, 0.957 
7857161,"[""ID""]",187.67,0.706458333,199073, 1.000 
9861288,"[""VN""]",282.72,0.600020833,23378, 0.874 
1755920005991426,"[""FI""]",,,0, 0.881 
1727530193767425,"[""JP""]",109.8,0.664369792,74265, 0.921 
1763709643174962,"[""NO""]",317.475,0.86996875,49056, 0.924 
1130028,"[""UA"", ""RU"", ""GB"", ""IE""]",345.53,0.4834375,10546, 0.571 
1729882976480257,"[""ID""]",422.585,0.857578125,97308, 0.944 
1764223632918561,"[""KH""]",268.4575,0.711145833,101896, 0.794 
1686669003006977,"[""PH""]",613.04,0.795833333,83405, 0.966 
6033896,"[""ID""]",507.35,0.268010417,27151, 0.884 
3318739,"[""SA"", ""BH"", ""OM"", ""QA"", ""AE"", ""DZ"", ""JO"", ""IQ"", ""KW"", ""TN"", ""MA"", ""EG"", ""LB""]",257.4825,0.726166667,89928, 0.750 
2096662,"[""US"", ""CA""]",311.3266667,0.785479167,65690, 0.624 
1752272576137233,"[""PT""]",,,0, 0.929 
1686044707253249,"[""TR""]",297.79,0.855729167,96808, 1.000 
1772898848026689,"[""TW""]",190.195,0.805880208,92910, 0.939 
1725363568499714,"[""GR""]",405.3925,0.7216875,81491, 0.942 
1721671945959426,"[""DK""]",211.2075,0.693348958,79006, 0.929 
5026590,"[""SA"", ""OM"", ""BH"", ""QA"", ""AE"", ""DZ"", ""JO"", ""IQ"", ""KW"", ""TN"", ""MA"", ""LB"", ""EG""]",197.2366667,0.543881944,49193, 0.790 
6080830,"[""MY"", ""ID""]",419.5942857,0.89735119,88745, 0.930 
3515233,"[""PH"", ""MY"", ""ID""]",93.42666667,0.430423611,24833, 0.738 
1702727788573698,"[""MX"", ""UY"", ""CO"", ""CL"", ""AR"", ""EC"", ""PE"", ""BR""]",151.81,0.751625,106145, 0.719 
1725713319695361,"[""KR""]",430.725,0.836557292,96636, 0.901 
9111566,"[""BY"", ""GB"", ""IE""]",153.39,0.864390625,101929, 0.659 
7989612,"[""GB"", ""LV"", ""IE""]",394.645,0.714484375,102386, 0.657 
1704414382510081,"[""PH""]",326.2433333,0.915972222,64352, 0.960 
1686669022776321,"[""PH""]",479.55,0.735947917,94826, 0.966 
3383592,"[""VN""]",353.17,0.4389375,23310, 0.863 
2258595,"[""SA"", ""OM"", ""BH"", ""QA"", ""AE"", ""DZ"", ""JO"", ""IQ"", ""KW"", ""TN"", ""MA"", ""LB"", ""EG""]",,,0, 0.333 
9179505,"[""GB"", ""GR"", ""IE""]",336.222,0.642733333,130302, 0.681 
9256168,"[""US"", ""CA""]",561.275,0.77634375,44376, 1.000 
1518623,"[""UA"", ""RU"", ""BY""]",298.47,0.324739583,105036, 0.688 
1695026525197314,"[""GB""]",236.1046154,0.644564103,89848, 0.829 
3325238,"[""IE"", ""FR""]",365.545,0.602046875,78773, 0.668 
1649165395330053,"[""JP""]",170.82,0.863645833,31897, 0.929 
1695752699794433,"[""MX"", ""CL"", ""AR"", ""CO"", ""PE""]",,,0, 0.932 
1732050157733890,"[""VN""]",,,0, 0.896 
1742531919621137,"[""VN""]",340.9075,0.833453125,97913, 0.850 
1726915536582658,"[""MX"", ""UY"", ""CO"", ""CL"", ""AR"", ""EC"", ""PE"", ""BR""]",277.2319018,0.596267894,76852, 0.961 
1737407724728322,"[""TH""]",379.865,0.899625,102140, 0.886 
1673359560577030,"[""SA"", ""OM"", ""BH"", ""QA"", ""JO"", ""IQ"", ""KW"", ""EG"", ""LB""]",,,0, 0.932 
1736956246305793,"[""FR""]",382.283871,0.799225806,114976, 0.944 
9765857,"[""VN""]",610.756,0.825375,111834, 0.934 
3139893,"[""TW""]",468.165,0.220166667,32100, 0.839 
1398796,"[""US"", ""CA""]",595.6975,0.757354167,93325, 0.657 
1755154458300433,"[""FI""]",706.7575,0.078328125,104222, 0.719 
5323368,"[""AU"", ""NZ"", ""SG""]",392.23,0.817130208,132203, 0.916 
1767847119851522,"[""TH""]",365.1475,0.925802083,104427, 0.899 
1764761367947266,"[""KH""]",344.7125,0.889901042,100578, 0.713 
1691180447734785,"[""JP""]",293.7233333,0.804409722,51518, 0.946 
1708440532375554,"[""MX"", ""UY"", ""CO"", ""AR"", ""CL"", ""EC"", ""PE"", ""BR""]",415.5966667,0.791027778,40991, 0.806 
1695193495897089,"[""SA"", ""OM"", ""ZA"", ""BH"", ""QA"", ""JO"", ""PK"", ""KW"", ""LB"", ""EG""]",407.68,0.831066667,134587, 0.857 
1686041565040641,"[""TR""]",,,0, 0.937 
1749551236322305,"[""HU""]",326.5914286,0.861267857,86226, 0.895 
1707001515026434,"[""US"", ""CA""]",300.095,0.746171875,81981, 0.869 
2726180,"[""US"", ""CA""]",503.3725,0.874395833,97189, 0.939 
9370273,"[""US"", ""CA""]",516.23,0.836098958,99633, 0.800 
7781910,"[""VN""]",327.2975,0.627333333,62085, 0.709 
3823019,"[""MY"", ""SG""]",229.485,0.106489583,15759, 0.776 
1852276,"[""GB"", ""IE""]",800.0075,0.7703125,78985, 0.633 
1739401463816194,"[""VN""]",392.735,0.880729167,95539, 1.000 
7960156,"[""AU"", ""TW"", ""KR""]",700.3,0.664734375,94217, 0.860 
6233278,"[""ES"", ""OTHER"", ""GB""]",402.3366667,0.805993056,71696, 0.795 
1729420048067586,"[""VN""]",280.558,0.7247625,123212, 0.924 
1731144009953282,"[""KR""]",436.2075,0.621260417,94845, 0.901 
3195369,"[""AU"", ""NZ"", ""SG""]",412.74,0.860083333,50084, 0.934 
1672986645879813,"[""TR""]",278.1946269,0.824716418,97779, 0.950 
1669008361646085,"[""JP""]",648.624,0.843054167,124383, 0.936 
1746579210216466,"[""PH""]",159.1,0.3560625,61421, 1.000 
1695025848732673,"[""GB""]",217.41,0.691130208,89731, 0.875 
1755256243961858,"[""DE""]",,,0, 0.830 
2502751,"[""SA"", ""OM"", ""BH"", ""QA"", ""AE"", ""DZ"", ""JO"", ""IQ"", ""KW"", ""TN"", ""MA"", ""LB"", ""EG""]",353.4875,0.752375,86786, 0.811 
5160681,"[""AU"", ""NZ""]",152.735,0.265041667,31925, 0.904 
5897557,"[""TH"", ""KH""]",620.9133333,0.849486111,74772, 0.894 
3791302,"[""US"", ""CA""]",350.58,0.318854167,51492, 0.564 
7615952,"[""US"", ""CA""]",815.5925,1.048677083,143252, 0.931 
5320637,"[""TR"", ""GB"", ""IE""]",,,0, 0.914 
1699455852640258,"[""FI""]",,,0, 1.000 
2281096,"[""ID""]",385.964,0.316095833,65729, 0.856 
1746933506576386,"[""SA"", ""OM"", ""BH"", ""QA"", ""JO"", ""IQ"", ""KW"", ""MA"", ""EG"", ""LB""]",453.7485714,0.84952381,106607, 0.933 
1754509725670401,"[""TW""]",700.685,0.7389375,78658, 0.834 
3870531,"[""BY""]",,,0, 1.000 
9630899,"[""GB"", ""RO"", ""IE""]",688.975,0.752348958,114326, 0.773 
1768147951861793,"[""MX"", ""UY"", ""CO"", ""CL"", ""AR"", ""EC"", ""PE"", ""BR""]",719.1475,0.772953125,88059, 0.962 
1690600005280769,"[""SA"", ""OM"", ""BH"", ""QA"", ""JO"", ""IQ"", ""KW"", ""LB"", ""EG""]",692.4385185,0.802462963,77788, 0.963 
1728866658882562,"[""ID""]",429.2325,0.843395833,100153, 0.912 
5506285,"[""AU"", ""ID"", ""NZ""]",323.825,0.5523125,78500, 0.877 
1770122728379393,"[""PL""]",385.935,0.689875,38439, 0.844 
1754889724278785,"[""BR""]",293.7393548,0.772774194,85587, 0.545 
7363167,"[""SA"", ""BH"", ""OM"", ""QA"", ""AE"", ""JO"", ""IQ"", ""KW"", ""MA"", ""EG""]",254.82,0.540041667,2578531, 0.500 
1771649360667698,"[""JP""]",280.5725,0.854166667,96845, 1.000 
1771766145225762,"[""JP""]",400.9733333,0.387722222,32371, 0.981 
9752939,"[""GR""]",292.576,0.435820833,110106, 0.675 
9732175,"[""US"", ""CA""]",511.35,0.769041667,92356, 0.700 
1755803536984066,"[""DE""]",192.575,0.708864583,81051, 0.880 
2259209,"[""VN""]",413.76,0.824329167,115716, 0.917 
3778633,"[""TR""]",107.3525,0.329442708,42022,                  -   
1695311101589506,"[""TW""]",2.28,1.045104167,104, 0.975 
1695027469140994,"[""IT""]",121.08,0.66121875,37612, 0.921 
1725363675133953,"[""KZ""]",333.224,0.722116667,104064, 0.791 
1724470451737666,"[""SA"", ""OM"", ""BH"", ""QA"", ""JO"", ""IQ"", ""KW"", ""LB"", ""EG""]",425.5184906,0.775216981,162402, 0.959 
1719659311157249,"[""TH""]",669.616,0.739054167,124684, 0.948 
3180051,"[""US"", ""CA""]",340.7925,0.8046875,88299, 0.750 
1735138344199169,"[""NL""]",235.3825,0.727057292,85132, 0.949 
1738944561390594,"[""CZ""]",,,0, 0.961 
5186309,"[""IE"", ""FR""]",255.6775,0.772723958,91567, 0.667 
6821228,"[""PL""]",244.545,0.478385417,524024, 0.756 
6903900,"[""GB"", ""RO"", ""IE""]",,,0, 0.685 
1737386027356162,"[""MY""]",703.27,0.809265625,90843, 0.915 
1730406060776449,"[""ID""]",484.0575,0.883614583,102074, 0.944 
1741913158257666,"[""VN""]",342.51,0.85,82597, 1.000 
1729833018645505,"[""US"", ""CA""]",385.22,0.416108333,41445, 0.832 
1193822,"[""US"", ""CA""]",595.0057143,0.933458333,89521, 0.959 
1772483949089793,"[""GB""]",270.0633333,0.792354167,71196, 0.907 
1736488213441537,"[""ID""]",508.3825,0.64134375,101940, 0.926 
6518615,"[""ZA"", ""JO"", ""TR"", ""PK"", ""EG""]",491.5225,0.367479167,77415, 0.779 
1736487777311745,"[""ID""]",598.285,1.008010417,122215, 0.921 
1689841489642498,"[""SA"", ""OM"", ""BH"", ""QA"", ""JO"", ""IQ"", ""KW"", ""LB"", ""EG""]",549.9124528,0.821644654,176838, 0.890 
5390991,"[""US"", ""CA""]",,,0, 0.948 
1706957000738817,"[""VN""]",271.3425,0.86075,98314, 0.929 
5581253,"[""DK""]",92.835,0.254166667,14774,                  -   
1703245393506306,"[""JP""]",174.365,0.702317708,81347, 0.898 
1719287042401282,"[""NL""]",182.5470968,0.812080645,88113, 0.922 
1714584384336897,"[""GB""]",232.7725,0.812869792,91216, 0.821 
9377976,"[""US"", ""CA""]",498.2966667,0.770493056,70516, 0.586 
1736806501390337,"[""GB""]",212.7666667,0.753423611,61815, 0.789 
5222102,"[""KR"", ""ID""]",621.24,0.823208333,96197, 0.841 
1752275425169409,"[""PT""]",359.13,0.852291667,98222, 0.972 
1605028,"[""TR"", ""GB"", ""IE""]",313.7575,0.746802083,106516, 0.656 
3657851,"[""VN""]",437.14,0.812097222,46171, 0.927 
1703429274086465,"[""MY""]",610.0925,0.8024375,55390, 0.994 
2157571,"[""GB"", ""RO"", ""IE""]",317.8366667,0.839416667,89306, 0.696 
1671849238077446,"[""ZA""]",314.4074419,0.845573643,136226, 0.967 
1738944757507074,"[""GR""]",347.3173333,0.773394444,81447, 0.953 
1716134646375425,"[""MX"", ""UY"", ""CO"", ""AR"", ""CL"", ""EC"", ""PE"", ""BR""]",181.4025,0.832947917,95066, 0.923 
1773648874340401,"[""ES""]",102.3146667,0.316755556,15576, 0.833 
1690666906975234,"[""VN""]",272.262,0.876008333,124303, 0.953 
1710346229551105,"[""PH""]",156.54,0.786458333,79996, 0.964 
1722268364673026,"[""PH""]",675.68,0.809658333,125245, 0.962 
2097663,"[""KR""]",589.62,0.258786458,35318, 0.867 
8081376,"[""NL"", ""GB"", ""IE""]",213.0233333,0.788569444,72312, 0.703 
1754531766565889,"[""BR""]",,,0, 0.809 
5810618,"[""VN"", ""KH""]",423.96,0.846520833,52696, 0.908 
1695535225123841,"[""PH""]",414.3325,0.799223958,90645, 0.895 
1693810919455746,"[""KR""]",462.9875,0.862765625,96397, 0.896 
5831795,"[""AU"", ""NZ"", ""SG""]",300.15,0.864583333,70889, 1.000 
1736487925960705,"[""ID""]",455.6775,0.857927083,101335, 0.943 
9699751,"[""ID""]",194.98,0.716911458,88854,                  -   
1734413363948546,"[""ES""]",311.7470968,1.02233871,110232, 0.829 
1671655809916934,"[""US"", ""CA""]",413.7074286,0.709447619,92740, 0.873 
2269073,"[""JP""]",111.2766667,0.169951389,1608180, 0.724 
3271035,"[""TH""]",517.718,0.876058333,123794, 0.877 
1553682,"[""ID""]",382.07,0.620927083,90503, 0.742 
1672986689382406,"[""KZ""]",234.8225,0.825833333,97277, 0.738 
1695538424423426,"[""MY""]",555.6575,0.812869792,91137, 0.918 
8818299,"[""SA"", ""ZA"", ""QA"", ""AE"", ""JO"", ""PK"", ""KW"", ""MA"", ""LB"", ""EG""]",326.8025,0.459880208,292864, 0.857 
1710766312791041,"[""VN""]",247.6325,0.85521875,96566, 0.950 
1729809218302977,"[""PL""]",383.7825,0.712828125,104155, 0.966 
1718408190642178,"[""DE""]",153.718,0.792304167,113129, 0.761 
3026838,"[""VN"", ""PH""]",488.874,0.8017375,163204, 0.896 
1520799,"[""VN""]",413.44,0.665359375,93583, 0.838 
5968689,"[""US""]",278.2325,0.918229167,103185, 1.000 
1726740365038594,"[""FR""]",383.8125,0.730140625,85868, 0.935 
1668911729787909,"[""US"", ""CA""]",290.27,0.726036458,82106, 0.825 
8706697,"[""US"", ""CA""]",479.8025,0.80684375,98250, 0.702 
1752092808077314,"[""PL""]",326.5425,0.813354167,93789, 0.905 
2937155,"[""VN""]",,,0, 0.883 
1711506485296130,"[""FR""]",540.538,0.7856875,116479, 0.973 
1729975228311554,"[""IT""]",183.74,0.722243056,82392, 0.952 
6669692,"[""VN""]",411.015,0.831026042,92240, 0.929 
1123367,"[""SA"", ""BH"", ""OM"", ""QA"", ""DZ"", ""AE"", ""JO"", ""IQ"", ""KW"", ""TN"", ""MA"", ""LB"", ""EG""]",,,0, 0.788 
2237078,"[""FI"", ""NO"", ""DK"", ""GB"", ""SE"", ""IE""]",248.1975,0.593984375,67384, 0.698 
9060023,"[""GB"", ""IT"", ""IE""]",10.29,1.133572917,340, 0.300 
7730672,"[""US"", ""CA""]",434.8166667,0.905479167,77011, 0.677 
1768119758272514,"[""FR""]",420.9187097,0.65144086,74787, 0.930 
3383029,"[""JP""]",,,0, 0.688 
7668088,"[""FR""]",109.525,0.401984375,55399, 0.717 
7029388,"[""MX"", ""CL"", ""AR"", ""CO"", ""PE"", ""BR""]",446.565,0.811869792,100289, 0.712 
1773648874340369,"[""DE""]",176.275,0.686697917,37811, 0.800 
1732310494930946,"[""VN""]",375.83,0.844791667,46307, 0.909 
9273719,"[""TH""]",109.3125,0.494953125,27538, 0.750 
7963939,"[""TH""]",347.355,0.287010417,30190, 0.677 
5769891,"[""LT"", ""GB"", ""IE""]",390.5375,0.784651042,79018, 0.791 
6393291,"[""US"", ""CA""]",,,0, 0.600 
1695096263485442,"[""SE""]",,,0, 0.927 
1736487488138241,"[""ID""]",235.145,0.495125,27353, 0.958 
9656891,"[""US"", ""CA""]",617.8914286,0.934946429,91064, 0.918 
1729874440249346,"[""ID""]",266.4475,0.863473958,98760, 0.942 
1700060109672450,"[""MY""]",424.978,0.890275,126118, 0.890 
9657251,"[""US"", ""CA""]",529.1,0.751958333,53561, 0.960 
1686669704112129,"[""PH""]",535.8325,0.744557292,107867, 0.965 
8756135,"[""TR"", ""GB"", ""IE""]",30.31666667,0.575986111,7435, 0.862 
1684211805072385,"[""JP""]",71.1625,0.032567708,17637, 1.000 
1671942835117061,"[""SA"", ""BH"", ""OM"", ""QA"", ""JO"", ""IQ"", ""KW"", ""LB"", ""EG""]",441.0461538,0.666096154,64468, 0.941 
1714052438738946,"[""FR""]",1018.27,0.879572917,103552, 0.958 
9616890,"[""US"", ""CA""]",823.82,1.081026042,124345, 0.971 
7900998,"[""PH""]",478.342,0.817470833,114142, 0.886 
1768586056958977,"[""MX"", ""UY"", ""CO"", ""CL"", ""AR"", ""EC"", ""PE"", ""BR""]",355.9890785,0.741331058,73955, 0.960 
5099162,"[""BR""]",129.235,0.212447917,11232, 1.000 
1689833788033026,"[""TR""]",344.0452174,0.825855072,66997, 0.942 
1748512664284209,"[""MX"", ""UY"", ""CO"", ""CL"", ""AR"", ""EC"", ""PE"", ""BR""]",442.2819048,0.822202381,124728, 0.982 
1714410483801090,"[""BH"", ""OM"", ""QA"", ""JO"", ""IQ"", ""KW"", ""MA"", ""LB"", ""EG""]",185.88,0.766,117556, 0.958 
6833208,"[""PH""]",221.7,0.202703125,31729, 0.850 
6052909,"[""US"", ""CA""]",304.1525,0.787682292,94098, 0.660 
1719463946291202,"[""DE""]",,,0, 1.000 
8660271,"[""VN""]",485.955,0.744958333,41362, 0.885 
1295012,"[""MX"", ""UY"", ""CL"", ""CO"", ""AR"", ""EC"", ""PE"", ""BR""]",572.6525,0.158380208,95192, 0.833 
8777520,"[""VN"", ""SG""]",411.005,0.78203125,82509, 0.937 
5683738,"[""BE"", ""NL""]",,,0, 0.536 
3717936,"[""US"", ""CA""]",563.25,0.826296875,96098, 0.655 
1754632545661953,"[""SE""]",,,0, 0.898 
1694647755331586,"[""TH""]",402.385,0.899911458,100422, 0.910 
1766126778793985,"[""TH""]",568.722,0.899508333,126817, 0.915 
2619362,"[""ID""]",422.5,0.808194444,70096, 0.815 
8252607,"[""TR"", ""GB"", ""IE""]",310.7575,0.791880208,114494, 0.807 
1635870,"[""TH""]",616.588,0.898345833,141916, 0.850 
1671849021974534,"[""ZA"", ""OM"", ""BH"", ""SA"", ""QA"", ""JO"", ""IQ"", ""PK"", ""KW"", ""EG""]",175.6594286,0.867257143,122985, 0.974 
6261963,"[""TR"", ""GB"", ""IE""]",424.2275,0.684677083,91044, 0.848 
9756566,"[""US"", ""CA""]",,,0, 0.656 
2215001,"[""SA"", ""OM"", ""BH"", ""QA"", ""DZ"", ""AE"", ""JO"", ""IQ"", ""KW"", ""TN"", ""MA"", ""LB"", ""EG""]",235.71,0.628489583,75568, 0.752 
1750097742715922,"[""MY""]",415.6475,0.896869792,108882, 0.958 
6970675,"[""AU"", ""NZ"", ""SG""]",587.34,0.923833333,26093, 0.940 
1741852457876497,"[""VN""]",368.725,0.85,89795, 1.000 
1757803456500738,"[""IL""]",257.0175,0.928421875,115447, 0.897 
5869200,"[""VN"", ""AU"", ""NZ""]",382.6225,0.786395833,102056, 0.912 
1751009383755810,"[""MY""]",215.765,0.942057292,108889, 0.909 
1725713402974209,"[""KR""]",351.314,0.875320833,124211, 0.851 
1671869410894854,"[""SA"", ""OM"", ""BH"", ""QA"", ""JO"", ""IQ"", ""KW"", ""EG"", ""LB""]",346.4523077,0.766737179,79256, 0.924 
1695037018246146,"[""GB""]",367.6363636,0.787859848,49242, 0.841 
3810922,"[""US"", ""CA""]",385.1514286,0.640613095,73826, 0.666 
1759969798094866,"[""KH""]",400.3325,1.14696875,100732, 0.781 
6331886,"[""PH""]",279.0075,0.3201875,61416, 0.771 
1878712,"[""TH""]",584.575,0.754395833,91975, 0.906 
9360718,"[""NL"", ""GB"", ""IE""]",245.7333333,0.7175625,71999, 0.542 
1769918920119298,"[""ID""]",514.23,0.830208333,47872, 0.864 
1672279992480774,"[""ME""]",738.1777778,0.8328,155520, 0.992 
1721118889344001,"[""SE""]",330.4490323,0.741091398,83913, 0.911 
1705177842106369,"[""ID""]",280.92,0.861390625,98773, 0.931 
1695648893714433,"[""TW""]",502.328,0.870754167,122621, 0.916 
1743215722225665,"[""PL""]",315.7695238,0.791492063,118565, 0.965 
1685047356014593,"[""JP""]",232.62,0.474989583,62384, 0.948 
1672108412836869,"[""SA"", ""ZA"", ""QA"", ""JO"", ""IQ"", ""PK"", ""KW"", ""EG""]",281.4338462,0.571846154,60136, 0.911 
7161885,"[""VN""]",442.404,0.833654167,115500, 0.942 
5583099,"[""MY"", ""ID""]",521.702,0.799570833,141740, 0.867 
6813656,"[""VN""]",346.6733333,0.579902778,59865, 0.857 
1690535787071490,"[""US"", ""CA""]",266.6586667,0.644538889,90118, 0.804 
1737143080896513,"[""ID""]",427.2875,0.924161458,109337, 0.910 
1721100289570817,"[""FR""]",,,0, 0.970 
1693546002994177,"[""VN""]",253.7533333,0.847347222,72556, 0.797 
1764043372560418,"[""FR""]",365.1373913,0.68026087,56029, 0.932 
5082099,"[""US"", ""CA""]",189.4125,0.530098958,538082, 0.316 
1695025817369602,"[""NL""]",447.3264516,0.804301075,82996, 0.950 
1738944493137985,"[""GR""]",344.255,0.8281875,94849, 0.936 
2306691,"[""US"", ""CA""]",644.97,1.013072917,56003, 0.936 
1743215735743490,"[""PL""]",313.3946269,0.755358209,90957, 0.894 
1742577894443009,"[""NO""]",451.7375,0.76184375,93127, 0.966 
2008658,"[""AU"", ""NZ"", ""SG""]",530.765,0.834458333,52971, 0.909 
3725295,"[""US"", ""CA""]",359.6,0.608263889,52346, 0.367 
3238121,"[""TR"", ""GB"", ""IE""]",393.075,0.716401042,83897, 0.707 
2677538,"[""FR""]",283.4875,0.536380208,53556, 0.802 
1686044721343489,"[""GR""]",138.015,0.492208333,62480, 1.000 
1719206878123010,"[""MX"", ""CL"", ""AR"", ""CO"", ""PE""]",,,0, 0.905 
6715607,"[""HR"", ""GB"", ""IE""]",810.92,0.822916667,88535, 0.690 
5570755,"[""ZA"", ""OM"", ""SA"", ""BH"", ""QA"", ""JO"", ""PK"", ""KW"", ""MA"", ""EG""]",481.71,0.800222222,74572, 0.801 
1724428408471553,"[""PK""]",302.8825,0.952463542,97926, 0.979 
1691911668822018,"[""PH""]",337.8833333,0.915277778,67877, 0.964 
1687938893060098,"[""MA""]",444.6915556,0.843751852,145715, 0.978 
1649165497425926,"[""JP""]",284.172,0.7278,59728, 0.934 
9188601,"[""MY"", ""SG""]",470.325,0.81015625,95814, 0.836 
3029927,"[""GB"", ""IE""]",,,0, 0.805 
2855138,"[""VN"", ""PH""]",605.4875,0.842765625,125567, 0.980 
1704428186539010,"[""RO""]",178.8825,0.690442708,74122, 0.993 
1727747975646209,"[""MX"", ""UY"", ""CL"", ""AR"", ""CO"", ""EC"", ""PE"", ""BR""]",194.7675,0.742708333,85175, 0.954 
5060767,"[""AT"", ""CH"", ""DE""]",,,0, 0.520 
1735661874724866,"[""JP""]",118.6733333,0.547229167,55472, 0.940 
1760317489089553,"[""HU""]",273.2166667,0.890972222,61902, 0.910 
1724470390768641,"[""SA"", ""OM"", ""BH"", ""QA"", ""JO"", ""IQ"", ""KW"", ""LB"", ""EG""]",291.0791111,0.825037037,135182, 0.916 
1714352438792193,"[""OM"", ""BH"", ""QA"", ""JO"", ""IQ"", ""KW"", ""MA"", ""EG"", ""LB""]",211.6111111,0.761,102230, 0.968 
1753012934144049,"[""DE""]",130.5538462,0.563961538,27241, 0.920 
1857863,"[""GB"", ""IE""]",277.74,0.82228125,122992, 0.699 
6391371,"[""US"", ""CA""]",354.9,0.882770833,25300, 0.722 
7619253,"[""IL""]",121.445,0.625953125,212014, 0.652 
1695538963129346,"[""MY""]",788.7233333,0.924798611,80019, 0.955 
1998571,"[""ID""]",43.62,0.870140625,7485, 0.500 
1716134837023746,"[""MX"", ""UY"", ""CO"", ""CL"", ""AR"", ""EC"", ""PE"", ""BR""]",181.315,0.815510417,47058, 0.813 
1695038938773505,"[""ES""]",221.4554839,0.797215054,97128, 0.907 
9656110,"[""SA"", ""BH"", ""OM"", ""QA"", ""DZ"", ""AE"", ""JO"", ""IQ"", ""KW"", ""TN"", ""MA"", ""EG"", ""LB""]",354.855,0.611307292,72838, 0.880 
5338213,"[""JP""]",998.04,0.931713542,88363, 0.917 
3932913,"[""GB"", ""DE"", ""IE""]",68.08,0.1408125,6071, 0.763 
7257335,"[""VN""]",345.66,0.636901042,84339, 0.931 
1752626937237505,"[""DE""]",192.0525,0.751,90699, 0.842 
2357972,"[""TH""]",574.735,0.656895833,93558, 0.879 
1743882944482306,"[""MX"", ""UY"", ""CL"", ""AR"", ""CO"", ""EC"", ""PE"", ""BR""]",343.816,0.7329375,109122, 0.963 
8710617,"[""MX"", ""UY"", ""CL"", ""AR"", ""CO"", ""EC"", ""PE"", ""BR""]",660.7275,0.377208333,134492, 0.758 
8970380,"[""ID""]",337.95,0.3018125,41460, 0.820 
1767219614304257,"[""GB""]",249.2125,0.806072917,92305, 0.789 
1753012934144033,"[""DE""]",138.7527157,0.689973376,77566, 0.800 
1726073812314114,"[""PH""]",455.7175,0.869854167,99384, 0.917 
7378621,"[""US"", ""CA""]",636.49,1.112881944,94944, 0.894 
1707735763608578,"[""MX"", ""UY"", ""CL"", ""AR"", ""CO"", ""EC"", ""PE"", ""BR""]",242.0466667,0.829729167,71406, 0.910 
9160222,"[""US""]",207.935,0.782010417,79876, 0.630 
3835818,"[""US"", ""CA""]",480.06,0.788340278,75751, 0.671 
1752720282275889,"[""TH""]",384.91,0.894739583,100412, 0.925 
1688583780713474,"[""SA"", ""BH"", ""OM"", ""ZA"", ""QA"", ""PK"", ""KW"", ""MA"", ""EG"", ""LB""]",511.3723077,0.863339744,80707, 0.862 
1667575616633862,"[""US"", ""CA""]",343.585,0.74628125,43306, 0.910 
1726873294586882,"[""JP""]",,,0, 0.737 
5789675,"[""GB"", ""PK"", ""IE""]",315.775,0.679744792,80847, 0.846 
1765665791819793,"[""KH""]",301.702,0.906316667,91921, 0.733 
2277251,"[""PH""]",22.0375,1.046921875,2963, 0.645 
1700711878316033,"[""UZ""]",269.745,0.855109375,96904, 0.898 
1714584045969410,"[""GB""]",446.534,0.753895833,110625, 0.887 
9915195,"[""TH""]",407.845,0.211,42186, 0.646 
1684394145691650,"[""KR""]",159.555,0.008541667,31129, 0.988 
1729275453642754,"[""IT""]",220.3573333,0.704161111,72735, 0.952 
1173832,"[""ID""]",317.085,0.516375,35323, 0.857 
1746466901267473,"[""KR""]",466.1725,0.804421875,91596, 0.867 
1734911755347970,"[""US"", ""CA""]",453.6066667,0.779229167,64128, 0.863 
1691841896401922,"[""PH""]",337.56,0.902777778,68164, 0.962 
2363865,"[""US"", ""CA""]",441.985,0.769447917,86377, 0.643 
9386075,"[""MY""]",463.01,0.688822917,113007, 0.837 
1736487906247681,"[""VN""]",373.282,0.91495,143077, 0.891 
1695612806451201,"[""PH""]",374.2833333,0.7935,68171, 0.927 
9381993,"[""UA"", ""RU"", ""GB"", ""IE""]",,,0, 0.643 
1713957111455745,"[""PT""]",540.75,0.802020833,67287, 0.938 
1753530,"[""IE"", ""FR""]",303.4475,0.580171875,73097, 0.827 
9307701,"[""US"", ""CA""]",332.6714286,0.831261905,85072, 0.647 
5602973,"[""DK""]",169.1766667,0.580611111,61809, 1.000 
2658951,"[""GB"", ""IE""]",328.6233333,0.698923611,71992, 0.684 
1003316,"[""TW"", ""KR"", ""SG""]",556.27,0.901802083,102268, 0.868 
1740557161877506,"[""MY""]",365.504,0.90025,63881, 0.943 
1710344460649474,"[""ID""]",200.35,0.366666667,19672, 0.940 
2075587,"[""AU"", ""NZ"", ""SG""]",,,0, 0.946 
1770457600736257,"[""JP""]",329.3625,0.689895833,78653, 1.000 
7597899,"[""MX"", ""CL"", ""AR"", ""CO"", ""EC"", ""PE"", ""BR""]",665.688,0.957083333,155321, 0.821 
3215286,"[""ZA"", ""AT"", ""CH"", ""DE""]",22.32,0.862291667,4419, 0.551 
1695577889971202,"[""MX"", ""CL"", ""CO"", ""AR"", ""PE""]",193.7325,0.510416667,73529, 0.907 
1721013868565506,"[""TH""]",614.38,0.74105,124161, 0.964 
1668385955785733,"[""SA"", ""ME""]",298.6737778,0.815555556,125421, 1.000 
2015531,"[""MX"", ""CL"", ""CO"", ""AR"", ""PE"", ""BR""]",340.235,0.724244792,120087, 0.723 
1721716519456770,"[""VN""]",377.815,0.706770833,77921, 1.000 
2279136,"[""GB"", ""IE""]",418.605,0.830578125,100974, 0.739 
1703462395747329,"[""US"", ""CA""]",446.1324138,0.838626437,82030, 0.868 
1686044718017537,"[""TR""]",349.1825,0.920625,102278, 0.952 
5536819,"[""US"", ""CA""]",309.105,0.755052083,88288, 0.560 
3318612,"[""PL"", ""GB"", ""IE""]",351.1575,0.816833333,91791, 0.736 
1747655791775793,"[""VN""]",,,0, 1.000 
1754488952438785,"[""DE""]",116.784,0.737644444,45470, 0.806 
1714333566444546,"[""MX"", ""UY"", ""CO"", ""AR"", ""CL"", ""EC"", ""PE"", ""BR""]",431.222,0.828541667,121261, 0.671 
1717314112993281,"[""SE""]",310.9341935,0.781854839,84001, 0.901 
1710346266707970,"[""PH""]",442.1725,0.842703125,96639, 0.935 
7555755,"[""VN""]",354.5425,0.671848958,70715, 0.892 
1695576776484866,"[""GB""]",330.005,0.80125,52292, 0.953 
1711419041101825,"[""PH""]",265.7643032,0.788830481,114539, 0.993 
1695517073046529,"[""GB""]",228.15,0.753020833,21529, 0.793 
6517798,"[""US"", ""CA""]",616.3333333,0.958076389,80300, 0.959 
9629372,"[""VN""]",410.8175,0.7468125,85252, 0.841 
1769388556471330,"[""RO""]",220.44,0.807277778,69714, 0.984 
7519665,"[""VN""]",450.9225,0.844484375,99568, 0.923 
1703471807921154,"[""US"", ""CA""]",342.7625,0.71503125,81346, 0.905 
1736487442745345,"[""ID""]",481.7666667,0.910743056,78227, 0.922 
1707736038152193,"[""MX"", ""UY"", ""CL"", ""CO"", ""AR"", ""EC"", ""PE"", ""BR""]",307.4075567,0.683345928,85411, 0.757 
1707312780691458,"[""JP""]",134.036,0.682495833,83831, 0.956 
2729373,"[""GB"", ""PK"", ""IE""]",491.25,0.7720375,115574, 0.898 
1704427801912322,"[""RO""]",274.548,1.28725,119688, 0.930 
1695030662446081,"[""ID""]",357.2075,0.842322917,95940, 0.955 
1732549373538306,"[""MX"", ""UY"", ""CO"", ""CL"", ""AR"", ""EC"", ""PE"", ""BR""]",376.715,0.83553125,94857, 0.957 
5585206,"[""GB"", ""IE""]",,,0, 0.774 
9082283,"[""US"", ""CA""]",645.375,0.818088542,102082, 0.964 
1684179628175361,"[""US"", ""CA""]",384.298,0.367791667,104045, 0.729 
1771651753127953,"[""KZ""]",175.715,0.40628125,22940, 0.801 
1773554981556242,"[""IT""]",235.792,0.395822222,19679, 1.000 
1695025785616385,"[""ES""]",,,0, 0.955 
2929502,"[""FR""]",337.835,0.30259375,19772, 0.667 
1771651728348161,"[""PH""]",,,0, 0.826 
1707982,"[""SA"", ""BH"", ""OM"", ""QA"", ""AE"", ""DZ"", ""JO"", ""IQ"", ""KW"", ""TN"", ""MA"", ""LB"", ""EG""]",,,0, 0.773 
1696368514880514,"[""ID""]",328.2633333,0.821576389,70002, 0.913 
5086808,"[""GB"", ""IL"", ""IE""]",182.2166667,0.686888889,45779, 0.774 
3595328,"[""US"", ""CA""]",,,0, 0.540 
8003837,"[""SG""]",656.4775,0.929276042,106280, 0.858 
1735485343950850,"[""ID""]",336.91,0.8208125,45144, 0.940 
1732049616136194,"[""VN""]",359.905,0.8453125,90170, 0.667 
7086019,"[""MY"", ""ID""]",514.64,0.766069444,76997, 0.876 
2803125,"[""MY"", ""ID""]",513.625,0.799864583,95537, 0.849 
1768509295170561,"[""MX"", ""UY"", ""CO"", ""CL"", ""AR"", ""EC"", ""PE"", ""BR""]",382.2941176,0.851245098,105482, 0.939 
1716135074511874,"[""MX"", ""UY"", ""CL"", ""AR"", ""CO"", ""EC"", ""PE"", ""BR""]",161.005,0.601489583,38352, 0.728 
1717235599448066,"[""US"", ""CA""]",372.1375,0.747020833,81543, 0.937 
2322011,"[""US"", ""CA""]",627.97,1.085152778,93438, 0.942 
1087262,"[""GB"", ""IE"", ""HU""]",,,0, 0.919 
8716810,"[""LT"", ""GB"", ""IE""]",817.71,0.852604167,89302, 0.529 
5677721,"[""VN""]",329.165,0.748046875,97535, 0.730 
1657121,"[""US"", ""CA""]",502.645,0.848494792,106878, 1.000 
1737390105893889,"[""MY""]",845.06,0.859225,123007, 0.959 
1749004123327490,"[""SE""]",,,0, 0.904 
1762598247044114,"[""HU""]",329.5575,0.901041667,101826, 0.913 
5296593,"[""GB"", ""IE""]",184.4975,0.883072917,119519, 0.734 
1746474759433249,"[""SA"", ""BH"", ""OM"", ""QA"", ""JO"", ""IQ"", ""KW"", ""MA"", ""LB"", ""EG""]",455.6927273,0.756670455,118858, 0.931 
8587001,"[""US"", ""CA""]",197.5175,0.395640625,76544, 0.340 
1673359233746949,"[""ZA"", ""SA"", ""OM"", ""QA"", ""JO"", ""IQ"", ""PK"", ""KW"", ""LB"", ""EG""]",560.2994286,0.902409524,88710, 0.796 
5616887,"[""AT"", ""BE"", ""NL"", ""CH"", ""DE""]",361.94,0.571638889,55702, 0.743 
1674009161491461,"[""BY""]",194.895,0.818192708,90604, 0.835 
1741913061098497,"[""VN""]",370.1133333,0.891666667,69941, 0.917 
9672999,"[""US"", ""CA""]",658.8725,0.894265625,103944, 1.000 
1680306084527105,"[""JP""]",541.622069,0.664252874,57689, 0.932 
5328826,"[""NO"", ""DK"", ""SE"", ""GB"", ""IE""]",153.8175,0.812947917,25220, 0.829 
1729271917188098,"[""IT""]",354.8208696,0.737326087,72421, 0.901 
3831078,"[""VN""]",57.892,0.311370833,322782, 0.556 
1693811074963458,"[""KR""]",419.8033333,0.87275,73723, 0.905 
1768509295170577,"[""MX"", ""UY"", ""CL"", ""CO"", ""AR"", ""EC"", ""PE"", ""BR""]",,,0, 0.702 
1561930,"[""TW"", ""KR"", ""MY""]",449.0525,0.896536458,97717, 0.860 
1752090733056018,"[""PL""]",380.9,0.800552083,45765, 0.922 
1752720507121697,"[""MX"", ""UY"", ""CO"", ""AR"", ""CL"", ""EC"", ""PE"", ""BR""]",381.2,0.72059375,84132, 0.867 
6301137,"[""MY"", ""ID""]",544.585,0.796822917,90920, 0.892 
1716460631262210,"[""TW""]",768.1875,0.824463542,92236, 0.861 
3602129,"[""MY"", ""ID""]",498.6666667,0.690729167,59100, 0.887 
1769302206223410,"[""ID""]",524.7975,0.829166667,92119, 0.899 
1694583472313345,"[""ID""]",336.276,0.845970833,120629, 0.939 
6729353,"[""US"", ""CA""]",824.42,0.987182292,121141, 0.928 
2135121,"[""MY""]",552.95,0.880645833,23621, 0.881 
6738735,"[""ZA"", ""SA"", ""OM"", ""QA"", ""AE"", ""TR"", ""KW"", ""MA"", ""LB"", ""EG""]",806.275,0.511578125,204795, 0.675 
1527988,"[""GB"", ""LV"", ""IE""]",776.2425,0.7875,73106, 0.786 
2252195,"[""SE""]",,,0, 0.718 
1695155453571073,"[""IT""]",,,0, 0.882 
1754531055179777,"[""ES""]",313.2954839,0.70138172,75077, 0.846 
1695030771672066,"[""ID""]",327.6125,0.623359375,95420, 0.922 
1697813860514817,"[""ID""]",458.29,0.823958333,90346, 0.870 
1755797122182146,"[""TH""]",448.5,0.909645833,101013, 0.900 
1690120188411906,"[""GB""]",325.394,0.75115,104563, 0.831 
3583235,"[""MY"", ""SG""]",288.4525,0.392125,52967, 0.741 
5518672,"[""RU""]",297.6,0.885791667,23523, 0.800 
3857259,"[""MX"", ""AR"", ""OTHER""]",74.28333333,0.359416667,26500, 1.000 
1711502592367617,"[""ES""]",,,0, 0.917 
5503681,"[""US"", ""CA""]",,,0, 0.562 
1714878888865794,"[""MX"", ""UY"", ""CL"", ""AR"", ""CO"", ""EC"", ""PE"", ""BR""]",726.4172308,0.620097436,77774, 0.954 
5895016,"[""TW""]",,,0, 0.909 
1694575955232769,"[""ID""]",287.3033333,0.849625,72981, 0.954 
1763709640109090,"[""NL""]",198.97,0.790364583,93042, 0.932 
7050108,"[""FR""]",300.64,0.209465278,1339234, 0.799 
1769313472273442,"[""BR""]",376.0175,0.867807292,100686, 0.553 
6992269,"[""ID""]",503.85,0.368875,10491, 0.864 
9953239,"[""CZ"", ""GB"", ""IE""]",60.34666667,0.770208333,12218, 0.449 
1762949452155954,"[""BR""]",435.4436364,0.731310606,57626, 0.532 
7271170,"[""SA"", ""OM"", ""BH"", ""QA"", ""AE"", ""DZ"", ""JO"", ""IQ"", ""KW"", ""TN"", ""MA"", ""LB"", ""EG""]",456.0175,0.622098958,79765, 0.760 
9619516,"[""MX"", ""UY"", ""CO"", ""AR"", ""CL"", ""EC"", ""PE"", ""BR""]",454.325,0.593177083,98934, 0.720 
8299766,"[""US"", ""CA""]",348.9875,0.879104167,116671, 0.740 
1694571907194881,"[""ID""]",372.58,0.856494792,97496, 0.942 
1706345392129025,"[""DE""]",,,0, 0.845 
1752791904933906,"[""DE""]",166.7018182,0.721621212,74513, 0.779 
2387610,"[""US"", ""CA""]",316.39,0.506395833,13504, 0.949 
1700618233657346,"[""KR""]",94.8475,0.022916667,17747, 0.912 
1735529545413634,"[""CZ""]",628.082,0.753591667,147710, 0.967 
1752092805324913,"[""TH""]",463.265,0.89684375,100568, 0.900 
1739422683456514,"[""VN""]",307.785,0.843807292,101289, 0.874 
1721099845323777,"[""ID""]",226.58,0.360416667,19865, 0.933 
1752174599238690,"[""PT""]",313.33,0.886666667,101600, 0.947 
1762880220789809,"[""TH""]",365.3,0.901703125,101647, 0.903 
1695290864139266,"[""MY""]",316.895,0.856697917,99506, 0.935 
9265717,"[""ID""]",554.168,0.882404167,122127, 0.888 
1704596569660417,"[""PH""]",552.0825,0.657635417,113881, 0.981 
1705233310094338,"[""ID""]",289.206,0.691766667,128173, 0.935 
3022657,"[""PH""]",279.655,0.467223958,70507, 0.874 
1732493776177153,"[""ID""]",287.1025,0.661770833,102134, 0.970 
6192927,"[""US"", ""CA""]",438.56,0.92409375,161011, 0.698 
3017560,"[""BY""]",147.73,0.806921875,109594, 0.750 
1771651756368898,"[""PH""]",230.5137255,0.842904412,129553, 0.955 
1695601582119937,"[""MX"", ""UY"", ""CO"", ""CL"", ""AR"", ""EC"", ""PE"", ""BR""]",377.6625,0.644895833,81809, 0.820 
1695769192099842,"[""MX"", ""UY"", ""CL"", ""CO"", ""AR"", ""EC"", ""PE"", ""BR""]",194.66,0.788291667,68677, 0.957 
1707039417627650,"[""VN""]",236.362,0.7914875,111225, 0.911 
1760219117725713,"[""US""]",340.19,0.661619792,79103, 0.850 
1731137486777346,"[""MY""]",427.386,0.6700875,118843, 0.947 
1704427801485313,"[""RO""]",209.05,0.704604167,22634, 0.970 
1764775761397761,"[""NO""]",218.017561,0.794691057,123234, 0.854 
1714699813677058,"[""MX"", ""UY"", ""CO"", ""CL"", ""AR"", ""EC"", ""PE"", ""BR""]",283.4675,0.747125,85404, 0.826 
1733128229522434,"[""TW""]",763.254,0.756616667,126856, 0.878 
1736956048423938,"[""ES""]",230.4533333,0.718216667,81396, 0.881 
1732427839230978,"[""ID""]",227.45,0.389583333,11144, 0.956 
7167613,"[""UA"", ""RU"", ""GB"", ""IE""]",0.54,0,99, 0.556 
1693810073212929,"[""TH""]",379.62,0.874604167,49149, 0.922 
1737385941465090,"[""MY""]",1008.5225,0.838072917,92814, 0.854 
2807893,"[""US"", ""CA""]",327.635,0.780052083,88687, 0.638 
1754816440803361,"[""DE""]",74.805,0.31490625,12379, 1.000 
1694643307688962,"[""TH""]",111.884,0.226675,47268, 0.667 
1765413546049553,"[""KZ""]",148.41,0.479166667,26837, 0.806 
1695526269280257,"[""MY""]",,,0, 1.000 
2318859,"[""GB"", ""IE"", ""HU""]",534.46,0.940986111,77788, 0.792 
1707817,"[""JP""]",7.89,0.05984375,4174, 0.615 
1721013824397314,"[""TH""]",381.53,0.517229167,50838, 0.908 
1735590506937346,"[""CZ""]",265.1775,0.633973958,65760, 0.918 
1822136,"[""GB"", ""IE""]",154.8425,0.745223958,90290,                  -   
6353600,"[""US"", ""CA""]",555.7325,0.91403125,105899, 0.934 
1767396942046210,"[""GB""]",348.99,0.691645833,19682, 0.744 
1769098122602498,"[""MY""]",546.5025,0.861255208,97909, 0.919 
3915079,"[""GB"", ""IE""]",71.66,0.285708333,8215, 0.745 
3001689,"[""TW"", ""KR""]",804.995,0.901239583,104837, 0.845 
1672130307320838,"[""US"", ""CA""]",74.85866667,0.510672222,63907, 0.605 
1695036672095234,"[""ES""]",345.21,0.771484375,113662, 0.885 
1762949452155938,"[""BR""]",,,0, 0.786 
1768432749385762,"[""MX"", ""UY"", ""CL"", ""AR"", ""CO"", ""EC"", ""PE"", ""BR""]",752.2,0.857286458,98690, 0.944 
1741279140672513,"[""VN""]",369.882,0.8418625,127847, 0.883 
2662691,"[""SA"", ""BH"", ""OM"", ""QA"", ""AE"", ""DZ"", ""JO"", ""IQ"", ""KW"", ""TN"", ""MA"", ""LB"", ""EG""]",271.6275,0.579661458,75374, 0.801 
7313876,"[""US"", ""CA""]",,,0, 0.580 
1735486913351682,"[""PH""]",480.502,0.9085625,129661, 0.943 
1099005,"[""VN""]",389.17,0.643255208,75718, 0.921 
1694572439183362,"[""ID""]",404.82,0.829270833,47311, 0.908 
1752720282276865,"[""TH""]",388.48,0.889625,75706, 0.897 
1686754849566721,"[""RO""]",270.048,0.57,30483, 0.903 
1889992,"[""TW"", ""SG""]",92.45,0.436055556,33273, 0.744 
7203332,"[""US"", ""CA""]",551.1775,0.887848958,105971, 0.949 
3872185,"[""VN""]",388.2525,0.84190625,112213, 0.790 
1693578512149506,"[""VN""]",229.9025,0.883541667,101221, 0.920 
1749693025818658,"[""MY""]",491.505,0.778911458,92820, 0.937 
1724426873402369,"[""PK""]",494.888,0.887575,143086, 0.935 
9032738,"[""US"", ""CA""]",353.895,0.707760417,89964, 0.562 
6227566,"[""US"", ""CA""]",667.81,0.828901042,100238, 0.958 
1695079848044545,"[""ID""]",175.35,0.3375,9612, 0.915 
1741849955502082,"[""CZ""]",317.2490323,0.582623656,74516, 0.940 
5527768,"[""US"", ""CA""]",484.2933333,0.826291667,72372, 0.714 
9657819,"[""GB"", ""IE""]",325.8525,0.424723958,9443621, 0.693 
1718358,"[""JP""]",394.31,0.968869792,114294, 0.863 
2696598,"[""GB"", ""IE""]",257.5175,0.67478125,125840, 0.797 
1707001475552258,"[""US"", ""CA""]",253.9975,0.723703125,102979, 0.910 
1738944455652353,"[""CZ""]",696.8666667,0.845328704,108214, 0.955 
5100109,"[""US"", ""CA""]",400.635,0.795947917,99776, 0.632 
1752720527795217,"[""TH""]",434.3866667,0.900097222,75669, 0.917 
5175832,"[""GB"", ""DE"", ""IE""]",196.28,0.686083333,136130, 0.708 
1739405172999234,"[""VN""]",359.17,0.872395833,95569, 0.913 
2062837,"[""US"", ""CA""]",627.06,0.9214375,76100, 0.916 
1694295343087617,"[""RO""]",359.282,0.880183333,122405, 0.943 
1757052904711169,"[""PK""]",337.6425,0.893625,104545, 0.907 
1735754088302593,"[""JP""]",338.0425,0.572484375,107162, 0.986 
5393536,"[""PL""]",245.21,0.252979167,32503, 0.500 
2392803,"[""US"", ""CA""]",403.0366667,0.798673611,87517, 0.634 
2289168,"[""AU"", ""NZ"", ""SG""]",559.36,0.870479167,105318, 0.930 
1760219117725729,"[""US"", ""CA""]",324.1675,0.794151042,85387, 0.770 
1559239,"[""ID""]",325.736,0.3472125,69496, 0.866 
1694617166265346,"[""TH""]",409.5375,0.889239583,101093, 0.899 
3297271,"[""OTHER""]",,,0,                  -   
1711495963719681,"[""ID""]",462.46,0.852104167,48935, 0.931 
9310005,"[""VN""]",482.764,0.829270833,115968, 0.865 
1736488544904194,"[""ID""]",506.198,0.910141667,133912, 0.924 
6230873,"[""VN""]",481.828,0.8110125,116308, 0.893 
2655178,"[""FI""]",94.81,0.446895833,84966, 1.000 
6092503,"[""ZA"", ""AT"", ""CH"", ""DE""]",13.46,0.0063125,180, 0.757 
3713193,"[""VN""]",16.40666667,0.922270833,7667, 0.750 
1752720374571010,"[""DE""]",279.52,0.7867375,138311, 0.872 
1739401620745217,"[""VN""]",360.64,0.883333333,44205, 1.000 
7676958,"[""AU"", ""NZ"", ""SG""]",581.565,0.994802083,110775, 0.969 
1694974042699778,"[""ID""]",201.815,0.35625,19417, 0.941 
7761680,"[""GB"", ""KZ"", ""IE""]",251.2325,0.80021875,73876, 0.718 
3581159,"[""KR"", ""ID""]",543.3525,0.835932292,95050, 0.886 
5819951,"[""GB"", ""PK"", ""IE""]",849.226,0.737395833,123256, 0.861 
1716223124556802,"[""MX"", ""UY"", ""CO"", ""CL"", ""AR"", ""EC"", ""PE"", ""BR""]",272.9375,0.764828125,87792, 0.878 
5698189,"[""US"", ""CA""]",272.8,0.411930556,50087, 0.387 
1724376454408193,"[""SA"", ""OM"", ""BH"", ""QA"", ""JO"", ""IQ"", ""KW"", ""LB"", ""EG""]",220.9753846,0.804128205,90400, 0.800 
1726915781909505,"[""MX"", ""UY"", ""CO"", ""AR"", ""CL"", ""EC"", ""PE"", ""BR""]",357.27,0.770911458,90061, 0.980 
1711502684514306,"[""MX"", ""CO"", ""AR"", ""CL"", ""PE""]",386.4278261,0.728717391,62744, 0.867 
2776508,"[""US"", ""CA""]",458.63,0.802243056,66730, 0.645 
1714356224207874,"[""OM"", ""BH"", ""QA"", ""JO"", ""IQ"", ""KW"", ""MA"", ""LB"", ""EG""]",308.1169231,0.837596154,76820, 0.939 
1268890,"[""US"", ""CA""]",578.435,0.849880208,99338, 1.000 
1727558445604865,"[""KZ""]",257.7775,0.725520833,78678, 0.838 
1735138323373057,"[""ES""]",272.2477419,0.648123656,78113, 0.858 
1764236250853426,"[""FR""]",516.5306667,0.804566667,86144, 0.962 
9020538,"[""PL"", ""PT"", ""GB"", ""IL""]",125.29,0,30487, 0.250 
8881701,"[""HR"", ""GB"", ""IE""]",513.6675,0.839203125,85689, 0.704 
1769313472273426,"[""BR""]",,,0, 0.486 
1693551885233154,"[""VN""]",232.25,0.871708333,49612, 0.882 
8521016,"[""US"", ""CA""]",640.85,0.931631944,80568, 0.868 
3261779,"[""GB"", ""IL"", ""IE""]",337.1866667,0.754659722,80116, 0.729 
5709106,"[""MX"", ""UY"", ""CO"", ""CL"", ""AR"", ""EC"", ""PE"", ""BR""]",448.426,0.771875,137360, 0.810 
2613990,"[""JP""]",866.6,0.923979167,53193, 0.917 
8396283,"[""US"", ""CA""]",,,0, 0.649 
1915657,"[""TH""]",622.0525,0.838265625,102732, 0.871 
3571359,"[""GB"", ""IT"", ""IE""]",326.7525,0.874348958,115867, 0.671 
1737428933735426,"[""PL""]",367.266,0.7710875,112208, 0.912 
1705052601354242,"[""MY""]",685.2925,0.86396875,70236, 0.970 
1729873023284225,"[""ID""]",361.93,0.846354167,24241, 0.947 
1725363401825281,"[""KZ""]",234.5522581,0.692473118,57172, 0.835 
1676631455688709,"[""HU""]",567.8658065,0.879741935,97094, 0.888 
3071163,"[""AU"", ""NZ"", ""SG""]",,,0, 0.965 
5569930,"[""US"", ""CA""]",628.13,1.04615625,114229, 0.972 
1038008,"[""DE""]",219.695,0.19125,150000, 0.679 
1726039575798785,"[""US"", ""CA""]",226.1666667,0.728194444,60005, 0.813 
1706437607186434,"[""ID""]",330.13,0.626984375,95948, 0.949 
1598527,"[""US"", ""CA""]",1.23,0,73, 0.676 
1695025840288769,"[""GB""]",186.0715789,0.646736842,87633, 0.943 
1732494092090369,"[""ID""]",418.2166667,0.849597222,72622, 0.942 
2570177,"[""JP""]",196.355,0.345260417,215718, 0.644 
3753607,"[""MY"", ""SG""]",501.15,0.766427083,48369, 0.934 
1728695728635906,"[""VN""]",390.04,0.845833333,94205, 0.842 
1691845936062466,"[""PH""]",177.7825,0.7875,73248, 0.967 
6853135,"[""GB"", ""KZ"", ""IE""]",,,0, 0.567 
1729270880862209,"[""ES""]",466.6773333,0.939627778,80254, 0.911 
1770099191136306,"[""PL""]",335.665,0.659651042,76829, 0.931 
9939125,"[""US"", ""CA""]",317.6571429,0.384767857,37685, 0.380 
1737386135461890,"[""MY""]",879.206,0.868425,122226, 0.977 
1768432749385746,"[""MX"", ""UY"", ""CL"", ""CO"", ""AR"", ""EC"", ""PE"", ""BR""]",420.065,0.779026042,84345, 0.961 
1769313472273410,"[""SE""]",,,0, 1.000 
1694647574135810,"[""TH""]",388.395,0.883036458,100313, 0.938 
1695027913818113,"[""IT""]",147.02,0.335302083,25186,                  -   
1251392,"[""US""]",615.8675,0.734984375,95137, 0.438 
7211760,"[""MY"", ""SG""]",504.6275,0.732911458,83908, 0.896 
3980367,"[""IT""]",111.2025,0.419359375,20480, 0.830 
2620985,"[""PT"", ""GB"", ""IE""]",377.04,0.806578125,156043, 0.794 
1739949027608577,"[""PL""]",,,0, 0.916 
1770209088552993,"[""FI""]",430.96,0.264828125,82788, 0.780 
1710303068652546,"[""PH""]",529.882,0.826579167,118273, 0.969 
1682406401556481,"[""VN""]",125.8625,0.423166667,78522, 1.000 
1743478384979986,"[""FI""]",,,0, 1.000 
1704451210654721,"[""GB""]",327.435,0.697041667,38886, 0.809 
1762882575703090,"[""BR""]",,,0, 0.608 
1765413546049569,"[""CZ""]",237.288,0.6807,92278, 0.943 
7889705,"[""US"", ""CA""]",336.7,0.89046875,112190, 0.615 
1719212303097858,"[""ES""]",193.0974359,0.638641026,90006, 0.878 
1694281660376066,"[""TR""]",273.432381,0.861444444,64710, 0.943 
1734911746733057,"[""US"", ""CA""]",180.75,0.68546875,79210, 0.860 
1694737747315714,"[""TH""]",542.36,0.890927083,49664, 0.958 
1730993346971650,"[""RO""]",320.96,0.843041667,73769, 0.967 
1707706649725953,"[""GB""]",283.2613333,0.846072222,90975, 0.865 
1772302280493057,"[""GB""]",,,0, 0.909 